date,ret
2011-08-09,-0.0655049999999999
2011-08-10,0.0
2011-08-11,0.0
2011-08-12,0.0
2011-08-15,-0.0059968218128508
2011-08-16,0.0070664911168263
2011-08-17,0.0033716212965884
2011-08-18,0.0003643689757928
2011-08-19,0.00736566657898
2011-08-22,0.0072314606599024
2011-08-23,0.0069811599998741
2011-08-24,0.0
2011-08-25,0.0
2011-08-26,-0.0171677309200528
2011-08-29,0.0
2011-08-30,0.0
2011-08-31,0.0070782531965623
2011-09-01,0.0070980093980173
2011-09-02,0.0071400038899844
2011-09-06,0.0072035966068961
2011-09-07,0.0071520759369447
2011-09-08,-0.0060490928407809
2011-09-09,0.0030892929226358
2011-09-12,0.0072128414447858
2011-09-13,-0.0081355835461848
2011-09-14,0.0071747127854162
2011-09-15,0.0071236029800372
2011-09-16,0.0
2011-09-19,-0.0184114338509416
2011-09-20,0.0
2011-09-21,0.0017091017926991
2011-09-22,0.0072162590435056
2011-09-23,0.0072770793481928
2011-09-26,0.007224506044456
2011-09-27,0.0071726869244155
2011-09-28,0.0041504326620829
2011-09-29,0.0072237652505586
2011-09-30,0.0062286949533021
2011-10-03,0.0073872461310404
2011-10-04,0.0070479540135157
2011-10-05,0.0069375427233371
2011-10-06,0.0
2011-10-07,0.0072951372171401
2011-10-10,0.0072212726417582
2011-10-11,-0.0101107599441929
2011-10-12,-0.0009645466774435
2011-10-13,0.0071230389329453
2011-10-14,-0.0026272330766452
2011-10-17,0.0074266507171547
2011-10-18,-0.0029552099801879
2011-10-19,0.0030343586421672
2011-10-20,0.0073277615665687
2011-10-21,0.0073177620244584
2011-10-24,-0.0009364634765225
2011-10-25,0.0073144424456561
2011-10-26,-0.0006045690936107
2011-10-27,0.0
2011-10-28,0.0071588599719927
2011-10-31,-0.0051344601159012
2011-11-01,0.0003746679922247
2011-11-02,0.0016853745091276
2011-11-03,0.0071938251381291
2011-11-04,-0.005774233356581
2011-11-07,0.0071839253086185
2011-11-08,0.0072171059634491
2011-11-09,0.0073120712949727
2011-11-10,-0.0035453840817681
2011-11-11,-0.0009258057459862
2011-11-14,-0.0044888677714556
2011-11-15,0.0023325807505507
2011-11-16,0.0
2011-11-17,-0.002212433695274
2011-11-18,0.0071766973140081
2011-11-21,-0.0022178473291156
2011-11-22,0.0016779787982657
2011-11-23,0.0030004360150222
2011-11-25,0.0
2011-11-28,0.0010266764152726
2011-11-29,0.0010220120817718
2011-11-30,0.00263539784857
2011-12-01,-0.0092113418244393
2011-12-02,0.0016396821231976
2011-12-05,0.0022733061467188
2011-12-06,0.0070504373966198
2011-12-07,-0.0009052187477268
2011-12-08,0.0064690099637314
2011-12-09,0.0010073839097213
2011-12-12,-0.0009046624913012
2011-12-13,0.0035576320315471
2011-12-14,0.0071211838089388
2011-12-15,0.007389782768306
2011-12-16,-0.0021733086475408
2011-12-19,0.0022817585010006
2011-12-20,-0.0027887031215058
2011-12-21,0.0035246474692978
2011-12-22,0.007329493323799
2011-12-23,-0.0021452674929338
2011-12-27,-0.0030783555252166
2011-12-28,0.0003637921837149
2011-12-29,0.0071857794997229
2011-12-30,-0.0014998099199233
2012-01-03,0.0071660909339039
2012-01-04,-0.0057894364361651
2012-01-05,-0.0024054779965171
2012-01-06,0.007132023359204
2012-01-09,0.0071852003535575
2012-01-10,0.0071957072819219
2012-01-11,0.0072465064224591
2012-01-12,-0.0014984047739242
2012-01-13,-0.0021239495638196
2012-01-17,-0.0036620213169528
2012-01-18,-0.0014923389858227
2012-01-19,-0.001487744872228
2012-01-20,-0.0027167876975651
2012-01-23,-0.004844429976356
2012-01-24,0.0
2012-01-25,-0.0045245402073746
2012-01-26,0.0015721081382107
2012-01-27,0.0052580366370322
2012-01-30,0.0018946730143079
2012-01-31,0.0003549008463612
2012-02-01,-0.0026908050734529
2012-02-02,0.0073466420690206
2012-02-03,0.0037028285993823
2012-02-06,-0.0008617407503093
2012-02-07,0.0003504372810831
2012-02-08,0.001566211994701
2012-02-09,0.0
2012-02-10,-0.0020680381143839
2012-02-13,-0.0014632171039871
2012-02-14,-0.0014619534287748
2012-02-15,-0.0044605377217471
2012-02-16,-0.0050290188442513
2012-02-17,-0.003230085446527
2012-02-21,0.0
2012-02-22,0.0071508196437983
2012-02-23,0.0015289772069138
2012-02-24,-0.0035081947831987
2012-02-27,-0.0008494014642718
2012-02-28,0.0071632374907932
2012-02-29,0.0
2012-03-01,-0.0038137254818202
2012-03-02,0.0039089400494836
2012-03-05,0.0027336338622061
2012-03-06,0.007262717849588
2012-03-07,-0.0044573079551529
2012-03-08,-0.0020593717556823
2012-03-09,-0.0032520768171192
2012-03-12,-0.0026545634063138
2012-03-13,0.0003442647378706
2012-03-14,0.0073409308043435
2012-03-15,-0.0008617444120463
2012-03-16,-0.0032832370335528
2012-03-19,-0.0132094906251787
2012-03-20,-0.0029680108619511
2012-03-21,-0.0014641364630695
2012-03-22,-0.0063064080402359
2012-03-23,0.0003426723195942
2012-03-26,-0.0008668737143266
2012-03-27,0.0033900380460927
2012-03-28,0.0070814294655106
2012-03-29,0.0071147271389622
2012-03-30,-0.0066648332287699
2012-04-02,-0.0054515644804747
2012-04-03,-0.005741556866641
2012-04-04,-0.0008749564709156
2012-04-05,-0.0048471250899805
2012-04-09,-0.0027209232131181
2012-04-10,0.0072108830331589
2012-04-11,-0.003984374384012
2012-04-12,-0.0064384987039443
2012-04-13,-0.0088669261706227
2012-04-16,0.0071491414152693
2012-04-17,-0.003343446445881
2012-04-18,-0.0045648326361507
2012-04-19,-0.0079111165937681
2012-04-20,0.0003387909308552
2012-04-23,-0.0063591859161146
2012-04-24,-0.0014902845954067
2012-04-25,0.0073762983419896
2012-04-26,-0.0051440755714087
2012-04-27,-0.0051416862484351
2012-04-30,-0.0087376006381106
2012-05-01,-0.0050962388140864
2012-05-02,-0.0102096024551795
2012-05-03,0.0072991679414946
2012-05-04,-0.0039116000611186
2012-05-07,0.0073444578627999
2012-05-08,-0.0015024812166776
2012-05-09,0.0071318118924534
2012-05-10,-0.0051944285623822
2012-05-11,-0.0039742833974034
2012-05-14,0.0
2012-05-15,0.002219215105482
2012-05-16,0.0022143010950439
2012-05-17,0.007270024611486
2012-05-18,0.0073713515151461
2012-05-21,-0.011592264190209
2012-05-22,-0.0052922263300212
2012-05-23,0.0072651512140475
2012-05-24,0.0072788204860438
2012-05-25,-0.0052875684746495
2012-05-29,0.0015990987896854
2012-05-30,0.0072969273352225
2012-05-31,0.0073747879203804
2012-06-01,0.007170309493879
2012-06-04,0.0072633115976781
2012-06-05,-0.0215475355083984
2012-06-06,0.0
2012-06-07,0.0
2012-06-08,-0.0086043800815591
2012-06-11,-0.0015566995771271
2012-06-12,-0.0066583880097657
2012-06-13,0.0010008364924927
2012-06-14,0.0029238741239907
2012-06-15,-0.0022016870403955
2012-06-18,0.0016535263246184
2012-06-19,-0.0142443326327722
2012-06-20,0.0
2012-06-21,0.0074043096592075
2012-06-22,0.0022868791697554
2012-06-25,0.0071648601973985
2012-06-26,-0.0054451092234568
2012-06-27,-0.013611620270128
2012-06-28,0.0
2012-06-29,-0.0078035963912577
2012-07-02,0.0
2012-07-03,-0.0046397673326431
2012-07-05,0.0
2012-07-06,-0.0027703088079523
2012-07-09,-0.0027628036186266
2012-07-10,-0.0015243234385687
2012-07-11,-0.0027517876123758
2012-07-12,0.0071070322112745
2012-07-13,-0.0057743280859594
2012-07-16,-0.0027252434754689
2012-07-17,-0.0063430619167162
2012-07-18,0.0015332099051146
2012-07-19,0.0
2012-07-20,0.0003158006219732
2012-07-23,0.0015361544932517
2012-07-24,0.0073518529552527
2012-07-25,0.0073935989559283
2012-07-26,-0.0039433535930542
2012-07-27,0.0009317449300714
2012-07-30,-0.0027166427614768
2012-07-31,0.0003219323561065
2012-08-01,-0.0027079318408604
2012-08-02,0.0045865778629832
2012-08-03,0.0009313747852135
2012-08-06,-0.002707968567815
2012-08-07,0.0033475002284983
2012-08-08,0.0033704922512838
2012-08-09,-0.0039265975918382
2012-08-10,-0.0045250329455818
2012-08-13,0.0
2012-08-14,0.000320462075793
2012-08-15,-0.0020994982942769
2012-08-16,-0.0032963253138674
2012-08-17,0.0
2012-08-20,0.0021204597524853
2012-08-21,0.0039449693987461
2012-08-22,0.0021381488052474
2012-08-23,0.0033544093178037
2012-08-24,0.0009324557130916
2012-08-27,-0.0008918241875595
2012-08-28,-0.0045161657127695
2012-08-29,0.0009252261187906
2012-08-30,-0.0008901349086946
2012-08-31,-0.0020959651243587
2012-09-04,0.0
2012-09-05,0.0048541188949129
2012-09-06,0.000922658966451
2012-09-07,0.0030328636093353
2012-09-10,0.0021292548458984
2012-09-11,0.0009246164021288
2012-09-12,-0.0020869486529565
2012-09-13,-0.0047748815725464
2012-09-14,-0.0068203604749386
2012-09-17,0.0009021199819576
2012-09-18,-0.0008803018614278
2012-09-19,0.0038874437859193
2012-09-20,-0.0008814732597566
2012-09-21,-0.0044341208169301
2012-09-24,-0.0107040253260014
2012-09-25,0.0062858585594762
2012-09-26,0.0021110370902295
2012-09-27,-0.0050458394367846
2012-09-28,-0.0026649106281148
2012-10-01,-0.006187047995058
2012-10-02,0.0026653203880473
2012-10-03,-0.0044064616462238
2012-10-04,-0.0017588872528908
2012-10-05,-0.0046856147721815
2012-10-08,-0.0008807271785737
2012-10-09,0.0017600621960629
2012-10-10,0.0032454456461348
2012-10-11,0.0032583884456138
2012-10-12,-0.0008839951127141
2012-10-15,0.0
2012-10-16,-0.0041052495159547
2012-10-17,-0.0043892864620942
2012-10-18,0.0032312971967907
2012-10-19,0.0071020222641051
2012-10-22,-0.0026573652398729
2012-10-23,-0.0026566434616727
2012-10-24,0.0
2012-10-25,0.0032504424865298
2012-10-26,0.0044485425272478
2012-10-31,0.0008966364488538
2012-11-01,-0.0026564751096037
2012-11-02,0.0050451928741268
2012-11-05,0.0003037067701461
2012-11-06,-0.0038290243916589
2012-11-07,0.0071342184293847
2012-11-08,0.0032845153605063
2012-11-09,0.0039212145198288
2012-11-12,0.0073678147061582
2012-11-13,-0.0058074480473714
2012-11-14,0.0071197089441583
2012-11-15,0.00718321563687
2012-11-16,-0.017118836277051
2012-11-19,0.0
2012-11-20,0.0
2012-11-21,-0.0008873803210477
2012-11-23,0.0003107630479717
2012-11-26,0.0015130609376183
2012-11-27,-0.0008865511341823
2012-11-28,-0.0077378539648955
2012-11-29,-0.0008846002302278
2012-11-30,0.0
2012-12-03,0.007200989773628
2012-12-04,0.0048511079335527
2012-12-05,0.0072821213177536
2012-12-06,0.003976448502432
2012-12-07,-0.0008914878024826
2012-12-10,0.0021513100684336
2012-12-11,0.0027541038033043
2012-12-12,0.0073601616319711
2012-12-13,0.0070925627999001
2012-12-14,-0.0008937702176107
2012-12-17,-0.0033499967056819
2012-12-18,-0.0084999762570496
2012-12-19,-0.0051198545555625
2012-12-20,-0.0066064325641718
2012-12-21,0.000923583007973
2012-12-24,0.0021378495246322
2012-12-26,0.0073651514189876
2012-12-27,0.0070978407443142
2012-12-28,-0.0033521013660513
2012-12-31,-0.0097200622083981
2013-01-02,0.0
2013-01-03,0.0
2013-01-04,0.0
2013-01-07,-0.0032166356828965
2013-01-08,0.0032459982631063
2013-01-09,-0.0052534235235686
2013-01-10,-0.0031955201850358
2013-01-11,-0.0008663196299631
2013-01-14,0.0002941165236189
2013-01-15,-0.0014434202185751
2013-01-16,0.0008718929254303
2013-01-17,-0.0034596986184129
2013-01-18,-0.004313278187273
2013-01-22,-0.0090923093214221
2013-01-23,0.0071346341605582
2013-01-24,0.0057471430679789
2013-01-25,-0.0014309732824244
2013-01-28,-0.0065216034115958
2013-01-29,-0.0042557511130016
2013-01-30,0.0002757380604934
2013-01-31,-0.0075845889383807
2013-02-01,0.0
2013-02-04,-0.0047846655966699
2013-02-05,0.0072940549815683
2013-02-06,0.0030908432792209
2013-02-07,0.0
2013-02-08,-0.0033838100397712
2013-02-11,-0.0084155401053235
2013-02-12,-0.0016928650658594
2013-02-13,-0.0030759857203278
2013-02-14,-0.0055578136233682
2013-02-15,0.0072197929729336
2013-02-19,-0.0088662548169532
2013-02-20,0.0072052669275954
2013-02-21,0.007287242775561
2013-02-22,0.0
2013-02-25,0.0073405665472041
2013-02-26,0.0073133929737623
2013-02-27,-0.0050608217884343
2013-02-28,-0.0014121779927815
2013-03-01,0.0008298052003075
2013-03-04,-0.0050399036978433
2013-03-05,0.0008215801725317
2013-03-06,0.0072796747649666
2013-03-07,0.0072532596494259
2013-03-08,-0.0033404451037146
2013-03-11,0.0
2013-03-12,0.0010969182878024
2013-03-13,0.0061273232083347
2013-03-14,0.0
2013-03-15,-0.0008443684939247
2013-03-18,-0.0055977082911193
2013-03-19,0.0072458449622885
2013-03-20,-0.008323162283927
2013-03-21,-0.0107240368476823
2013-03-22,0.0
2013-03-25,-0.0008385293485272
2013-03-26,-0.0040866151128465
2013-03-27,-0.0054449883321678
2013-03-28,-0.0048793253278558
2013-04-01,0.002941354511615
2013-04-02,0.0007836440039854
2013-04-03,0.0073438759015478
2013-04-04,0.0013485356022231
2013-04-05,-0.0049428722370932
2013-04-08,-0.0092345062223334
2013-04-09,-0.0054173679883161
2013-04-10,0.0018592748827956
2013-04-11,0.0013230231978049
2013-04-12,0.0015982845345046
2013-04-15,0.0073897212439564
2013-04-16,-0.0092582717102768
2013-04-17,0.0
2013-04-18,0.000245207244977
2013-04-19,-0.006510350490643
2013-04-22,-0.0121290420945567
2013-04-23,-0.0045773282131158
2013-04-24,0.0010302485040996
2013-04-25,0.0026310533588218
2013-04-26,0.0072362282989375
2013-04-29,0.0
2013-04-30,-0.0019131070028191
2013-05-01,0.007311239210564
2013-05-02,0.0073143756385527
2013-05-03,0.0072612640258569
2013-05-06,-0.0013729388606981
2013-05-07,0.0007765590115513
2013-05-08,-0.0077516464330746
2013-05-09,-0.0040138289574218
2013-05-10,-0.0024075873050846
2013-05-13,0.0031311928650163
2013-05-14,0.0018134053891767
2013-05-15,-0.0008291401816316
2013-05-16,0.0071465206702212
2013-05-17,-0.00373056171856
2013-05-20,-0.0013551256131694
2013-05-21,-0.0102331085362045
2013-05-22,0.0002177461060242
2013-05-23,0.0072969380072707
2013-05-24,0.0015418680717242
2013-05-28,0.0072908695296001
2013-05-29,0.0073819073348964
2013-05-30,0.0072027795088995
2013-05-31,-0.0038131637725005
2013-06-03,0.0071511695223593
2013-06-04,0.0072913480030631
2013-06-05,0.007373977905148
2013-06-06,-0.0116597697617928
2013-06-07,-0.0099088194321663
2013-06-10,0.0
2013-06-11,0.0067465604904306
2013-06-12,0.0
2013-06-13,-0.0070171198231685
2013-06-14,0.007208041913429
2013-06-17,0.0
2013-06-18,-0.0008243958815286
2013-06-19,0.0071896699695717
2013-06-20,0.0073281354698024
2013-06-21,0.0073555705085071
2013-06-24,0.0071081499916025
2013-06-25,0.0073033851588162
2013-06-26,0.0
2013-06-27,0.0
2013-06-28,0.0
2013-07-01,-0.0081271064396971
2013-07-02,0.0073335489236765
2013-07-03,0.007098461497907
2013-07-05,-0.003180206068379
2013-07-08,0.0073334958831141
2013-07-09,0.0073071050867654
2013-07-10,-0.0026228987004728
2013-07-11,0.0
2013-07-12,0.0007598425087405
2013-07-15,-0.0036241042749429
2013-07-16,0.0072671379464479
2013-07-17,0.0046840244045329
2013-07-18,0.0046796342245085
2013-07-19,0.0007714314440576
2013-07-22,-0.0026166438642669
2013-07-23,0.0072936287657421
2013-07-24,0.0073199068375493
2013-07-25,0.0015675961540198
2013-07-26,-0.0028924052286757
2013-07-29,0.0073550076676789
2013-07-30,0.0071156116447719
2013-07-31,0.0031603400483135
2013-08-01,-0.0020999598654605
2013-08-02,0.0073969143486611
2013-08-05,0.0071297343131713
2013-08-06,-0.0081299244364305
2013-08-07,0.0074016633626949
2013-08-08,0.0055681701486747
2013-08-09,0.0
2013-08-12,0.0074331596078127
2013-08-13,0.007211965416529
2013-08-14,0.0072084967359618
2013-08-15,-0.001322063341182
2013-08-16,0.001877967997578
2013-08-19,0.0072724479213346
2013-08-20,-0.0071945189459902
2013-08-21,-0.0015876064272454
2013-08-22,-0.0052918873400785
2013-08-23,-0.0026325175651575
2013-08-26,0.0071971335554286
2013-08-27,-0.0018531605542028
2013-08-28,-0.0026408993972474
2013-08-29,0.0021322364762836
2013-08-30,0.0072346935975191
2013-09-03,0.0072542495257492
2013-09-04,0.0072966786249242
2013-09-05,-0.0007905098536801
2013-09-06,0.0002855477561825
2013-09-09,-0.0095673171378819
2013-09-10,-0.0052795812956337
2013-09-11,-0.0087641925974786
2013-09-12,0.0048223452812976
2013-09-13,0.0072899268953809
2013-09-16,0.0073085208314929
2013-09-17,0.0073735516840098
2013-09-18,-0.0186764819136718
2013-09-19,0.0
2013-09-20,0.0
2013-09-23,0.0008086715522483
2013-09-24,0.0021376682199139
2013-09-25,-0.0007858820207373
2013-09-26,-0.0060417508990699
2013-09-27,0.0007981317551104
2013-09-30,-0.0042099534594779
2013-10-01,-0.0062660098183527
2013-10-02,-0.0020874281311638
2013-10-03,0.0042182502580081
2013-10-04,0.0015894368889146
2013-10-07,0.0042524486471164
2013-10-08,0.0056121796823997
2013-10-09,0.0071965951812842
2013-10-10,0.0072163210822449
2013-10-11,-0.005550056888083
2013-10-14,0.0071335735432027
2013-10-15,0.0072005931085552
2013-10-16,0.000280095932857
2013-10-17,-0.0057803612725796
2013-10-18,-0.0026127650799797
2013-10-21,-0.0059838369169121
2013-10-22,-0.0036169881767268
2013-10-23,0.0007840648160246
2013-10-24,-0.0036162516809422
2013-10-25,-0.0012866628713517
2013-10-28,0.0072808853965631
2013-10-29,-0.0020656997409839
2013-10-30,0.0007798434210035
2013-10-31,0.0072621382906277
2013-11-01,0.0002674026124731
2013-11-04,0.0072566109810883
2013-11-05,-0.0012886339812113
2013-11-06,-0.0007688296407226
2013-11-07,0.0073161919672428
2013-11-08,0.0073112087488749
2013-11-11,0.002111669570693
2013-11-12,-0.0018160582981033
2013-11-13,0.0008042109010129
2013-11-14,-0.0057451580288954
2013-11-15,-0.0126895272480354
2013-11-18,0.0015625445572622
2013-11-19,0.002631999859314
2013-11-20,-0.0018241164227272
2013-11-21,-0.0057158014171103
2013-11-22,-0.0049028972200926
2013-11-25,-0.0012854655288042
2013-11-26,0.0025869419974577
2013-11-27,0.0043987006603118
2013-11-29,0.0031037828983329
2013-12-02,0.0072848598146511
2013-12-03,0.0007922934481825
2013-12-04,0.0073711442653678
2013-12-05,0.0071719205442335
2013-12-06,0.0071437997047729
2013-12-09,0.0047811066939562
2013-12-10,0.0037418905456518
2013-12-11,0.0072364014879486
2013-12-12,0.0072292747172459
2013-12-13,-0.0021037444264692
2013-12-16,0.0013581617631235
2013-12-17,0.0048426342848
2013-12-18,0.0072590450917877
2013-12-19,0.0072287507991968
2013-12-20,-0.0071159706460354
2013-12-23,-0.0075680189861024
2013-12-24,-0.0020625287727914
2013-12-26,-0.0018008003557137
2013-12-27,-0.0030910647071363
2013-12-30,-0.0053938207240805
2013-12-31,-0.0015242361571279
2014-01-02,0.0072849193251627
2014-01-03,0.0026122822732519
2014-01-06,0.0021026788271458
2014-01-07,0.0072903459877693
2014-01-08,0.0073518632654314
2014-01-09,0.0026484169742795
2014-01-10,0.0050253334550649
2014-01-13,-0.0012826614759768
2014-01-14,-0.0015393047473557
2014-01-15,0.0015977388724728
2014-01-16,-0.0041395651474268
2014-01-17,0.0026423801873787
2014-01-21,-0.0049002395620771
2014-01-22,-0.0040958178843673
2014-01-23,-0.0010087218300287
2014-01-24,0.0072671423875485
2014-01-27,0.0073052765535521
2014-01-28,-0.0010091364829966
2014-01-29,-0.0048971611671878
2014-01-30,0.0015780470576127
2014-01-31,-0.0143622014880642
2014-02-03,0.0072296654798873
2014-02-04,0.0072687297208713
2014-02-05,-0.0035933476361439
2014-02-06,-0.0007484491945186
2014-02-07,-0.0076261393470949
2014-02-10,0.007189183056691
2014-02-11,-0.0053191780618323
2014-02-12,0.0005261117354373
2014-02-13,-0.0007435575376769
2014-02-14,0.0005238666075153
2014-02-18,0.0002720164279053
2014-02-19,0.0071718927823642
2014-02-20,0.0072113452463726
2014-02-21,0.0015681486084231
2014-02-24,0.0072606709274567
2014-02-25,0.0015759109871409
2014-02-26,-0.0068887464383095
2014-02-27,0.0015681314914157
2014-02-28,0.0039007001988125
2014-03-03,-0.0015204302049585
2014-03-04,0.0
2014-03-05,-0.0033038961518376
2014-03-06,0.002586445697372
2014-03-07,0.0007942499994226
2014-03-10,0.0036335784172363
2014-03-11,0.0015722981297927
2014-03-12,0.0
2014-03-13,0.0072914467221767
2014-03-14,-0.0038430019769435
2014-03-17,-0.0017703311708658
2014-03-18,-0.0035553430581448
2014-03-19,0.0072387674166554
2014-03-20,-0.0022859995464529
2014-03-21,0.0025986170201406
2014-03-24,0.0072507263278733
2014-03-25,0.0028730683826529
2014-03-26,0.0008043234645556
2014-03-27,-0.0020272527790069
2014-03-28,-0.0053385693538973
2014-03-31,-0.003538728150173
2014-04-01,-0.0092936209060824
2014-04-02,0.0002733763670736
2014-04-03,0.0
2014-04-04,0.0015323317390736
2014-04-07,0.0073816521103247
2014-04-08,-0.0007319953493185
2014-04-09,-0.0014848612682695
2014-04-10,0.007366712829367
2014-04-11,-0.0097489409249609
2014-04-14,0.0010243974784531
2014-04-15,0.0017809330195062
2014-04-16,-0.0024791158125203
2014-04-17,-0.0039548920677474
2014-04-21,-0.002956271277212
2014-04-22,0.0002647216805518
2014-04-23,0.0010078303029184
2014-04-24,0.0072398496078798
2014-04-25,0.0072793754082249
2014-04-28,0.0
2014-04-29,-0.0059245870742341
2014-04-30,0.0025040559457611
2014-05-01,-0.0029455204145468
2014-05-02,-0.0036761959072396
2014-05-05,-0.0070642609001728
2014-05-06,0.0036898094060855
2014-05-07,-0.0055681134138401
2014-05-08,0.0073797604009995
2014-05-09,0.0073969780535623
2014-05-12,0.0002632433867706
2014-05-13,0.0046854118636758
2014-05-14,-0.0029253247269431
2014-05-15,0.0002627153069629
2014-05-16,-0.0007165841405659
2014-05-19,0.0041886423526891
2014-05-20,-0.0019373174545419
2014-05-21,-0.0014476606259048
2014-05-22,-0.0033853020205547
2014-05-23,0.0005003808073114
2014-05-27,0.0034255517231667
2014-05-28,0.0031817150764286
2014-05-29,0.0002601427306365
2014-05-30,-0.0041097909949006
2014-06-02,-0.0052973636923339
2014-06-03,0.0014645713400407
2014-06-04,-0.007934766041762
2014-06-05,-0.0009517678761825
2014-06-06,-0.0045488482171759
2014-06-09,0.0
2014-06-10,-0.0035840272880421
2014-06-11,0.0007255853326335
2014-06-12,0.0036221976576558
2014-06-13,0.0
2014-06-16,-0.0066710146996963
2014-06-17,0.0045533589958366
2014-06-18,0.0072252792727847
2014-06-19,-0.0125698549259962
2014-06-20,0.0074070905548706
2014-06-23,-0.0082636014757755
2014-06-24,-0.0040074263495287
2014-06-25,-0.0035170895380655
2014-06-26,-0.0007043319552584
2014-06-27,-0.0035100139788346
2014-06-30,-0.0039666130275985
2014-07-01,-0.0013996952302024
2014-07-02,0.0039674023650786
2014-07-03,0.0072850549889138
2014-07-07,0.0073576568259181
2014-07-08,0.0035726695443913
2014-07-09,-0.00779223394672
2014-07-10,0.000238881659119
2014-07-11,-0.0040053852607754
2014-07-14,0.0014159855125952
2014-07-15,0.0
2014-07-16,-0.0049141202707461
2014-07-17,-0.001870768359716
2014-07-18,0.0002316253719596
2014-07-21,-0.0011720365316224
2014-07-22,-0.0032607915640523
2014-07-23,0.0
2014-07-24,0.0039637267576082
2014-07-25,0.0018700176205621
2014-07-28,0.0013993054599656
2014-07-29,0.0028072677916683
2014-07-30,0.0073345458362117
2014-07-31,0.007430434924599
2014-08-01,0.0072336136114192
2014-08-04,-0.0156706181656565
2014-08-05,0.0072235975524312
2014-08-06,0.0019384473407795
2014-08-07,0.0002499369372079
2014-08-08,0.0072039430810602
2014-08-11,0.0072190335009709
2014-08-12,0.0
2014-08-13,-0.0044153198218059
2014-08-14,-0.0039309352693774
2014-08-15,-0.0043696108133302
2014-08-18,0.0006898866922704
2014-08-19,-0.0027530277149409
2014-08-20,-0.0059409821292171
2014-08-21,0.0025147821065492
2014-08-22,0.0039067157419121
2014-08-25,-0.003883800633624
2014-08-26,-0.0018255973837749
2014-08-27,0.0
2014-08-28,-0.0029598052857654
2014-08-29,-0.0038429882578816
2014-09-02,0.00338925341151
2014-09-03,0.0002179229144387
2014-09-04,0.0040836081416937
2014-09-05,-0.0029479551080064
2014-09-08,-0.0031735248899797
2014-09-09,0.0
2014-09-10,0.0018011709950651
2014-09-11,0.0072407649697348
2014-09-12,0.0073417138547513
2014-09-15,0.007158566230929
2014-09-16,-0.0095967462460346
2014-09-17,-0.0022863163237448
2014-09-18,-0.0038693605226566
2014-09-19,-0.0049932216609717
2014-09-22,0.0073116162311346
2014-09-23,0.0062317561709595
2014-09-24,0.0071353327098229
2014-09-25,0.0073887403793633
2014-09-26,0.0071054136052488
2014-09-29,-0.0091277159385118
2014-09-30,0.0072748656423251
2014-10-01,0.0073464579013731
2014-10-02,0.0073175267386966
2014-10-03,0.0
2014-10-06,0.0073622361031306
2014-10-07,0.0058070000478396
2014-10-08,0.0072267204255833
2014-10-09,0.0074073482114771
2014-10-10,0.0072281232624704
2014-10-13,0.0075979637571688
2014-10-14,0.0294691544529888
2014-10-15,0.0068789196934788
2014-10-16,0.0
2014-10-17,0.0
2014-10-20,0.0073405815978173
2014-10-21,-0.0060396829285555
2014-10-22,0.0073094600543759
2014-10-23,-0.0018358551135804
2014-10-24,-0.0046161242261063
2014-10-27,0.0072596969835863
2014-10-28,0.0004930788973778
2014-10-29,0.0072255443766136
2014-10-30,0.0073031121798738
2014-10-31,0.0073143952141963
2014-11-03,0.0073250487041347
2014-11-04,0.0073983859385828
2014-11-05,-0.0030240213330959
2014-11-06,0.0073453186068055
2014-11-07,0.0072500464370557
2014-11-10,0.0
2014-11-11,0.0073013907195209
2014-11-12,-0.004389934626332
2014-11-13,0.0073217201784103
2014-11-14,-0.0099573612800454
2014-11-17,-0.0082551007271087
2014-11-18,-0.0034104155971065
2014-11-19,-0.0081690201692322
2014-11-20,-0.0033855955777389
2014-11-21,0.0073623629489978
2014-11-24,0.0074170195059133
2014-11-25,0.0074270120860233
2014-11-26,0.0071429681792039
2014-11-28,0.007401004807952
2014-12-01,0.0073881279238423
2014-12-02,-0.0170024809807319
2014-12-03,0.0
2014-12-04,0.0
2014-12-05,0.0074395216529405
2014-12-08,0.0074850500571121
2014-12-09,-0.0134640742067514
2014-12-10,0.0074168788074278
2014-12-11,-0.0024694293087514
2014-12-12,0.0072023935369378
2014-12-15,0.0073538017647596
2014-12-16,0.0072634944208809
2014-12-17,0.0
2014-12-18,0.0
2014-12-19,0.0
2014-12-22,0.0072029669453401
2014-12-23,0.0071514552495663
2014-12-24,-0.0023879032676701
2014-12-26,0.002261053142802
2014-12-29,-0.0074909978231605
2014-12-30,-0.0018912432386654
2014-12-31,0.0049619880395685
2015-01-02,-0.0074686261825324
2015-01-05,0.0075492209959542
2015-01-06,0.007412571696765
2015-01-07,0.0074319798214967
2015-01-08,0.0
2015-01-09,0.0073588018426977
2015-01-12,0.0075418673833667
2015-01-13,0.0074221309079469
2015-01-14,0.007107209989339
2015-01-15,0.0073326830705551
2015-01-16,0.0
2015-01-20,0.0
2015-01-21,0.0
2015-01-22,0.0
2015-01-23,-0.0041491573719487
2015-01-26,0.007248050309996
2015-01-27,0.0072664420889256
2015-01-28,0.0073891194340844
2015-01-29,0.0074044461439524
2015-01-30,-0.0137131420486895
2015-02-02,0.0072772819351973
2015-02-03,-0.006816579310249
2015-02-04,-0.0019089186427617
2015-02-05,0.0071830857602039
2015-02-06,0.0074472822406324
2015-02-09,0.0072863309352517
2015-02-10,0.0072679069342229
2015-02-11,0.0073686240697041
2015-02-12,-0.0043905240811547
2015-02-13,0.0
2015-02-17,-0.0036141041687759
2015-02-18,0.0015581690917152
2015-02-19,-0.0073360885227393
2015-02-20,-0.0087440136478552
2015-02-23,0.0072400785868194
2015-02-24,0.0027997316923793
2015-02-25,-0.0070368121074226
2015-02-26,0.0073049081287202
2015-02-27,-0.0061094118351325
2015-03-02,0.0073481370665615
2015-03-03,-0.0078850458599096
2015-03-04,0.0073180727123707
2015-03-05,-0.0031589527592973
2015-03-06,0.0073908182373156
2015-03-09,0.0074727728923884
2015-03-10,-0.009313076153659
2015-03-11,0.0073142501102878
2015-03-12,0.0068401228513155
2015-03-13,-0.0006883338621022
2015-03-16,0.0073794445784416
2015-03-17,-0.0063944016134115
2015-03-18,-0.0214243844923569
2015-03-19,-0.0032641729530629
2015-03-20,0.0072753659659035
2015-03-23,-0.0151129880663519
2015-03-24,0.0
2015-03-25,0.000592460291261
2015-03-26,0.0072453827903928
2015-03-27,0.0072599223439999
2015-03-30,-0.0032175748043355
2015-03-31,-0.0009357652928944
2015-04-01,0.0033971166328099
2015-04-02,-0.0067769399061847
2015-04-06,-0.0029609268028543
2015-04-07,-0.0027039383525118
2015-04-08,0.0021002221622288
2015-04-09,-0.0019377541896218
2015-04-10,-0.0019334243112067
2015-04-13,0.0053812199362268
2015-04-14,-0.0061726759437293
2015-04-15,-0.0021630744869652
2015-04-16,-0.0024064963202621
2015-04-17,0.0033223732668317
2015-04-20,-0.0019127726905271
2015-04-21,0.0073087471807247
2015-04-22,0.0028260931052217
2015-04-23,-0.0053824188133121
2015-04-24,-0.0031389397513386
2015-04-27,0.0
2015-04-28,0.0010623796840494
2015-04-29,-0.011212738738258
2015-04-30,-0.0018920343944404
2015-05-01,-0.0006663466165868
2015-05-04,0.0044934887924439
2015-05-05,-0.0006649788535554
2015-05-06,0.0074871616440828
2015-05-07,0.0073082627555929
2015-05-08,0.0
2015-05-11,0.0038255948921266
2015-05-12,-0.0056498247151368
2015-05-13,0.0074629498023237
2015-05-14,0.0
2015-05-15,0.0003191277481002
2015-05-18,-0.0055496742320569
2015-05-19,0.0017886682672363
2015-05-20,0.0052377762662039
2015-05-21,0.0
2015-05-22,-0.0048311863622118
2015-05-26,0.0072543245273895
2015-05-27,-0.0031414779693568
2015-05-28,0.0073107840084774
2015-05-29,0.0035861696804722
2015-06-01,0.0
2015-06-02,-0.0036641068966318
2015-06-03,0.0074120924131937
2015-06-04,0.0072705326430866
2015-06-05,-0.0101016844556025
2015-06-08,0.0072588410450962
2015-06-09,0.0034232142766714
2015-06-10,0.0021431443213124
2015-06-11,0.0
2015-06-12,-0.0006826385434508
2015-06-15,-0.0136704959733209
2015-06-16,0.0011069809054309
2015-06-17,0.0072463932479651
2015-06-18,0.0
2015-06-19,0.0072922184997046
2015-06-22,0.0072880512846307
2015-06-23,0.002408074261903
2015-06-24,0.0011236514798433
2015-06-25,0.0073862128450106
2015-06-26,0.0048095525848259
2015-06-29,0.00726910434016
2015-06-30,0.0072925648158692
2015-07-01,0.0073754332394087
2015-07-02,-0.008410564669643
2015-07-06,0.0003751050940996
2015-07-07,-0.0211941109032764
2015-07-08,0.0
2015-07-09,0.0072939990180729
2015-07-10,-0.0064980481812895
2015-07-13,0.0
2015-07-14,0.0
2015-07-15,0.0074749916950647
2015-07-16,0.0072803224392357
2015-07-17,0.007349103555698
2015-07-20,0.0074611969873292
2015-07-21,0.000383434149457
2015-07-22,0.0073347714610128
2015-07-23,-0.000713298134773
2015-07-24,-0.0015352690273925
2015-07-27,-0.0100065435571456
2015-07-28,0.0
2015-07-29,0.0
2015-07-30,0.0
2015-07-31,0.0044175526093281
2015-08-03,0.007497214450459
2015-08-04,0.0072844950530115
2015-08-05,0.0075586677038934
2015-08-06,0.0291490514282251
2015-08-07,-0.0015887526464405
2015-08-10,-0.0203948308285489
2015-08-11,0.0
2015-08-12,0.0073129605631563
2015-08-13,0.0
2015-08-14,-0.0021020699206159
2015-08-17,-0.0125383093495464
2015-08-18,0.0
2015-08-19,0.0074098899967007
2015-08-20,0.0074955196597794
2015-08-21,0.0073593918791177
2015-08-24,0.0268476419332555
2015-08-25,0.0
2015-08-26,-0.0123228380376487
2015-08-27,0.0
2015-08-28,0.0
2015-08-31,0.0
2015-09-01,-0.0015757083754572
2015-09-02,0.0072016201120141
2015-09-03,0.0074986085831616
2015-09-04,-0.0035594042775559
2015-09-08,0.0012686216425854
2015-09-09,0.0075946033172829
2015-09-10,0.0073170562660835
2015-09-11,0.0074683567944058
2015-09-14,0.0072564019758878
2015-09-15,0.004300681570853
2015-09-16,-0.0039500035926659
2015-09-17,0.0
2015-09-18,0.0071896190615441
2015-09-21,0.0074295976403719
2015-09-22,0.0072765132284624
2015-09-23,0.007579224209558
2015-09-24,0.0291589133036895
2015-09-25,0.0073730411647758
2015-09-28,0.0077979463049995
2015-09-29,0.0309486355242458
2015-09-30,-0.0649248506877704
2015-10-01,0.0
2015-10-02,0.0
2015-10-05,0.0
2015-10-06,0.0
2015-10-07,0.0073963157516414
2015-10-08,0.0
2015-10-09,0.0
2015-10-12,0.0074383856655162
2015-10-13,0.0057857222356618
2015-10-14,0.0072477088551912
2015-10-15,0.0071388102497425
2015-10-16,0.0
2015-10-19,0.0074709045365888
2015-10-20,0.0074969340689481
2015-10-21,0.0076258891208513
2015-10-22,0.0075144062847762
2015-10-23,0.0075786572762766
2015-10-26,0.0074552282544988
2015-10-27,0.0075758816335289
2015-10-28,-0.0373893012366441
2015-10-29,0.0
2015-10-30,0.0
2015-11-02,0.0
2015-11-03,0.0
2015-11-04,0.0
2015-11-05,0.0072755724709221
2015-11-06,0.0073994610633962
2015-11-09,0.0074874158869828
2015-11-10,0.0
2015-11-11,0.0074734933496514
2015-11-12,0.0073813870502406
2015-11-13,0.0073962450952558
2015-11-16,-0.0363505207839623
2015-11-17,0.0
2015-11-18,0.0074900882048316
2015-11-19,0.0073004269747141
2015-11-20,0.0074874491991394
2015-11-23,0.0
2015-11-24,-0.0162170021174558
2015-11-25,0.0
2015-11-27,0.0074937935444092
2015-11-30,0.007488111431525
2015-12-01,0.0076113226687544
2015-12-02,0.0074745036328436
2015-12-03,0.0303686500027451
2015-12-04,0.0300547463797749
2015-12-07,0.0303254864974111
2015-12-08,-0.0864329282531736
2015-12-09,0.0
2015-12-10,0.0
2015-12-11,0.0077621427262928
2015-12-14,0.0295915045804076
2015-12-15,-0.0069147763362812
2015-12-16,0.0
2015-12-17,0.0
2015-12-18,-0.014534446232389
2015-12-21,0.006968702512341
2015-12-22,0.0
2015-12-23,0.0
2015-12-24,0.0
2015-12-28,0.0075012791005797
2015-12-29,0.0075818980632953
2015-12-30,0.0072892579486156
2015-12-31,0.0069626953062926
2016-01-04,0.0
2016-01-05,0.0
2016-01-06,0.0077303130728236
2016-01-07,0.0247645572181975
2016-01-08,-0.0075154148289556
2016-01-11,0.0076986609857128
2016-01-12,0.029688043604314
2016-01-13,0.0316948889423267
2016-01-14,-0.0523005114542441
2016-01-15,0.0
2016-01-19,0.0311603971246137
2016-01-20,0.0302716035964227
2016-01-21,-0.0536492163243655
2016-01-22,0.0
2016-01-25,0.0
2016-01-26,0.0072622523897849
2016-01-27,0.0
2016-01-28,0.0
2016-01-29,0.0
2016-02-01,0.0
2016-02-02,0.0075949425460504
2016-02-03,0.0298296505521311
2016-02-04,0.0074319429857241
2016-02-05,0.0
2016-02-08,0.0301841264799815
2016-02-09,0.0293875209016227
2016-02-10,-0.0057113738703604
2016-02-11,0.0294321293423895
2016-02-12,-0.0410642547839038
2016-02-16,0.0
2016-02-17,0.0
2016-02-18,0.0
2016-02-19,0.0
2016-02-22,0.0072753908491829
2016-02-23,0.0
2016-02-24,0.0070391151948605
2016-02-25,0.0
2016-02-26,0.0073972742962649
2016-02-29,0.0
2016-03-01,0.0
2016-03-02,-0.0479701111328081
2016-03-03,0.0
2016-03-04,0.0
2016-03-07,-0.0422295304308555
2016-03-08,0.0
2016-03-09,0.0073760624410597
2016-03-10,0.0074575087556119
2016-03-11,-0.0086418747927204
2016-03-14,0.0
2016-03-15,0.007429160207278
2016-03-16,-0.0392835039498902
2016-03-17,0.0
2016-03-18,0.0
2016-03-21,0.0074851814426664
2016-03-22,-0.0193933792990472
2016-03-23,0.0
2016-03-24,0.0073755668588044
2016-03-28,0.007431076763023
2016-03-29,0.0073762631850704
2016-03-30,0.0
2016-03-31,0.0
2016-04-01,0.0
2016-04-04,0.0074378668352068
2016-04-05,-0.0020255304824167
2016-04-06,-0.0201929213614505
2016-04-07,0.0
2016-04-08,0.0
2016-04-11,0.0
2016-04-12,0.0
2016-04-13,0.0
2016-04-14,0.0
2016-04-15,0.0052168197937918
2016-04-18,0.0071080253279833
2016-04-19,0.0
2016-04-20,0.0
2016-04-21,0.0
2016-04-22,-0.0033310739738012
2016-04-25,0.0
2016-04-26,0.0074280746948394
2016-04-27,-0.012312703883936
2016-04-28,0.0
2016-04-29,-0.0126544051747652
2016-05-02,0.0
2016-05-03,0.0075155150809547
2016-05-04,0.007459453446085
2016-05-05,0.0005319002096106
2016-05-06,0.0
2016-05-09,0.0074628518710953
2016-05-10,0.0074785447001968
2016-05-11,0.0073966133855767
2016-05-12,0.0
2016-05-13,0.0
2016-05-16,-0.0173590656699059
2016-05-17,0.0
2016-05-18,0.0
2016-05-19,0.0071072881031439
2016-05-20,0.0
2016-05-23,0.0
2016-05-24,0.0074058399525938
2016-05-25,0.0073422474672866
2016-05-26,0.0
2016-05-27,0.0074431348358616
2016-05-31,0.0074422364574173
2016-06-01,-0.0338265754134639
2016-06-02,0.0
2016-06-03,0.0
2016-06-06,0.0074097086479403
2016-06-07,0.0
2016-06-08,0.0
2016-06-09,-0.0118430352494546
2016-06-10,0.0075402794361654
2016-06-13,0.0073183964169869
2016-06-14,0.0073935713057926
2016-06-15,0.0072938066344974
2016-06-16,0.0
2016-06-17,0.0072771294412059
2016-06-20,0.0075489354132518
2016-06-21,0.0
2016-06-22,0.0
2016-06-23,0.0073347393283715
2016-06-24,0.0
2016-06-27,0.0074540226647359
2016-06-28,0.0071883521503106
2016-06-29,0.0
2016-06-30,0.0
2016-07-01,-0.003421922292971
2016-07-05,0.0074645044606787
2016-07-06,0.0072039094545348
2016-07-07,0.0075535666290962
2016-07-08,-0.0046424031799837
2016-07-11,0.0
2016-07-12,-0.0054659082045156
2016-07-13,0.0
2016-07-14,0.0073394442601588
2016-07-15,0.0073574003661556
2016-07-18,-0.0045896085164981
2016-07-19,0.0
2016-07-20,-0.0084244059871269
2016-07-21,0.0073457966417675
2016-07-22,0.0004885258820654
2016-07-25,0.000491138654002
2016-07-26,0.0029069115027129
2016-07-27,0.0032185270079563
2016-07-28,-0.0010133398292829
2016-07-29,-0.0126997988985851
2016-08-01,0.0075207403711188
2016-08-02,0.0075180468755566
2016-08-03,-0.0135853420471906
2016-08-04,0.0
2016-08-05,0.0
2016-08-08,0.0
2016-08-09,0.0073406435028582
2016-08-10,0.0074117178101889
2016-08-11,0.0073836848827
2016-08-12,0.0013817458744891
2016-08-15,0.0073194520567134
2016-08-16,-0.0009929405956601
2016-08-17,0.0073343915273944
2016-08-18,-0.0062922262866018
2016-08-19,0.0073184019391505
2016-08-22,0.0028888357370724
2016-08-23,-0.0024930043421087
2016-08-24,0.0074090378876978
2016-08-25,-0.003410318353458
2016-08-26,-0.0007051536698918
2016-08-29,-0.0057875783369188
2016-08-30,0.0
2016-08-31,0.0074279120701237
2016-09-01,-0.0064045935637508
2016-09-02,0.0073774777181168
2016-09-06,-0.0104998022497223
2016-09-07,-0.0104777544014368
2016-09-08,0.0040442003350547
2016-09-09,0.0074232327821124
2016-09-12,0.0008021398708886
2016-09-13,0.0077086980761651
2016-09-14,-0.0056973736446844
2016-09-15,0.0073982532938114
2016-09-16,-0.0091308733369035
2016-09-19,-0.0090042926355314
2016-09-20,0.0
2016-09-21,-0.0146017360772865
2016-09-22,0.0
2016-09-23,0.0
2016-09-26,0.007405509770135
2016-09-27,0.0075005548476094
2016-09-28,0.0073138000759658
2016-09-29,0.0
2016-09-30,0.0073300113190624
2016-10-03,0.0073712871764031
2016-10-04,0.0074539621779299
2016-10-05,0.0073818614020348
2016-10-06,0.0074623776700084
2016-10-07,0.0
2016-10-10,-0.0045745333274543
2016-10-11,0.0
2016-10-12,-0.0058005679764756
2016-10-13,-0.0043067848399822
2016-10-14,0.0023118589210127
2016-10-17,-0.0064153229120269
2016-10-18,-0.0024956958437065
2016-10-19,-0.0039661821802639
2016-10-20,-0.0006982075115206
2016-10-21,-0.0030820761331087
2016-10-24,0.0004938314060956
2016-10-25,0.0053167227566939
2016-10-26,0.0074364593017113
2016-10-27,0.0056435894572903
2016-10-28,0.0074835698940116
2016-10-31,0.0076122161246332
2016-11-01,0.0073442732819646
2016-11-02,0.0074174545814562
2016-11-03,0.0074807722924457
2016-11-04,0.0075422814523478
2016-11-07,0.000851013567809
2016-11-08,-0.0035620603651055
2016-11-09,-0.0175461645796712
2016-11-10,0.0
2016-11-11,0.0
2016-11-14,-0.0110196684745124
2016-11-15,0.0074186446943784
2016-11-16,0.0075293114192627
2016-11-17,0.0074566382948004
2016-11-18,0.0074340180012344
2016-11-21,0.0074276551240313
2016-11-22,0.0023118308037655
2016-11-23,-0.0009970067386001
2016-11-25,0.0074673862705854
2016-11-28,0.007586999985685
2016-11-29,0.0073385458351291
2016-11-30,-0.0099610452985915
2016-12-01,0.0
2016-12-02,-0.0049473747857999
2016-12-05,0.0075241336986064
2016-12-06,0.0
2016-12-07,-0.0058603623957922
2016-12-08,-0.0058224888908653
2016-12-09,0.0050476376998056
2016-12-12,0.0074067527969232
2016-12-13,0.0074075172652741
2016-12-14,0.0075096638959477
2016-12-15,-0.010044992613153
2016-12-16,-0.0161879620051139
2016-12-19,0.0073898576039879
2016-12-20,-0.0042518240889378
2016-12-21,-0.0039428412132876
2016-12-22,-0.0103274298453617
2016-12-23,-0.0041689143099904
2016-12-27,0.0007760695674725
2016-12-28,0.0054541879631468
2016-12-29,0.0045940618046285
2016-12-30,0.0
2017-01-03,-0.003869136286277
2017-01-04,-0.0032802116539748
2017-01-05,-0.002409550605892
2017-01-06,0.0030797593565659
2017-01-09,0.007447874721802
2017-01-10,0.0075177683531557
2017-01-11,-0.0038698048688499
2017-01-12,0.0074740601078906
2017-01-13,-0.0024145664902534
2017-01-17,0.0
2017-01-18,0.0054329009416731
2017-01-19,0.0022405246846299
2017-01-20,0.0025267760720357
2017-01-23,0.0013630198104788
2017-01-24,-0.0101388701800725
2017-01-25,0.0
2017-01-26,0.0
2017-01-27,0.0074931411208245
2017-01-30,0.0075904291577262
2017-01-31,0.0072995141260909
2017-02-01,-0.0009343669276296
2017-02-02,0.0074688850793385
2017-02-03,0.0
2017-02-06,0.0
2017-02-07,0.0074634432744715
2017-02-08,0.0074659717801255
2017-02-09,0.0038284532295893
2017-02-10,0.0024193519113424
2017-02-13,0.0013036228039839
2017-02-14,-0.0053641142295041
2017-02-15,0.0
2017-02-16,0.0074273648080531
2017-02-17,0.0029898859386034
2017-02-21,0.0029710775733722
2017-02-22,0.0074822294807495
2017-02-23,0.0075067861097157
2017-02-24,0.0075701455679406
2017-02-27,0.0036062288131133
2017-02-28,-0.0040430120556328
2017-03-01,-0.0031697436011421
2017-03-02,-0.0006489913348508
2017-03-03,0.0015941733697302
2017-03-06,0.0074780512512662
2017-03-07,0.0075010997656159
2017-03-08,0.0076011918410061
2017-03-09,0.0073655852344378
2017-03-10,0.0030692196079546
2017-03-13,-0.0032300078736404
2017-03-14,0.0074239535611646
2017-03-15,-0.0046537245896639
2017-03-16,0.003927451123949
2017-03-17,0.0074188312697831
2017-03-20,-0.0009486531986531
2017-03-21,0.0074734196497858
2017-03-22,-0.0015401860321713
2017-03-23,-0.0041410457145537
2017-03-24,0.0013639401694258
2017-03-27,0.0007895318160322
2017-03-28,-0.0032689365423462
2017-03-29,-0.0055502976250619
2017-03-30,0.0039496519570307
2017-03-31,-0.0072320331416879
2017-04-03,0.0073512629390442
2017-04-04,-0.0015095608330526
2017-04-05,0.0073525685565922
2017-04-06,-0.0068986873377616
2017-04-07,0.0038988143146765
2017-04-10,0.0061818065609229
2017-04-11,0.0007731325436144
2017-04-12,0.0053698857121062
2017-04-13,0.0030847121775243
2017-04-17,0.0013567985406754
2017-04-18,-0.0026729793381674
2017-04-19,0.0054053426511804
2017-04-20,0.0016479383450014
2017-04-21,0.0048404371242725
2017-04-24,0.0
2017-04-25,-0.0063618218575154
2017-04-26,0.0
2017-04-27,0.0062920416724052
2017-04-28,0.0025144112865487
2017-05-01,0.0013584205588299
2017-05-02,0.0045424264590625
2017-05-03,0.0045695647698151
2017-05-04,0.0076456590821325
2017-05-05,-0.0144002569180539
2017-05-08,0.0
2017-05-09,0.0075643696412937
2017-05-10,-0.0050196057294544
2017-05-11,0.0031275528003067
2017-05-12,-0.0009566442765643
2017-05-15,0.0074658894473229
2017-05-16,0.0066140830742784
2017-05-17,0.0075766721646175
2017-05-18,-0.0024365619719118
2017-05-19,-0.0050377499817713
2017-05-22,0.0074792306513613
2017-05-23,-0.0026813268084275
2017-05-24,0.0031120920716709
2017-05-25,0.0075305616748824
2017-05-26,0.0008006466054526
2017-05-30,0.0073550215131101
2017-05-31,-0.0033536616315755
2017-06-01,0.0005165992101621
2017-06-02,0.004109776773653
2017-06-05,-0.0075521062837423
2017-06-06,-0.0051417672916123
2017-06-07,0.0074777576205986
2017-06-08,0.0041841660285442
2017-06-09,-0.0061108595283083
2017-06-12,0.0074629601504114
2017-06-13,0.0023361473841803
2017-06-14,0.0076302761057871
2017-06-15,0.007427093656783
2017-06-16,-0.0111857229017381
2017-06-19,0.0073813340498005
2017-06-20,0.007598058889316
2017-06-21,0.0073521682749879
2017-06-22,-0.0090036918269439
2017-06-23,0.0
2017-06-26,0.0
2017-06-27,0.0
2017-06-28,-0.01525891977556
2017-06-29,0.0
2017-06-30,-0.0051568358496144
2017-07-03,0.0
2017-07-05,0.0074234982802987
2017-07-06,0.007420461564334
2017-07-07,0.0074106782488643
2017-07-10,0.0074452525760573
2017-07-11,-0.0024790749099024
2017-07-12,-0.0018692459897329
2017-07-13,-0.0009729147042581
2017-07-14,-0.0074868513364061
2017-07-17,-0.0006689824275667
2017-07-18,0.0016979046115652
2017-07-19,-0.0018484226920858
2017-07-20,0.0073958567322018
2017-07-21,0.004127545582504
2017-07-24,0.0
2017-07-25,0.0008181151093782
2017-07-26,0.0040930507446705
2017-07-27,0.0035074183662233
2017-07-28,-0.0009702080347989
2017-07-31,-0.001860868651677
2017-08-01,0.0008173475084121
2017-08-02,-0.0015598940177812
2017-08-03,0.0074399718377222
2017-08-04,0.0074788254192019
2017-08-07,0.0059932658929544
2017-08-08,0.0074541077800214
2017-08-09,-0.0062858293497767
2017-08-10,0.0074694234344654
2017-08-11,0.0043559348327484
2017-08-14,0.0053027792936775
2017-08-15,0.0076919236740156
2017-08-16,0.0074172479754197
2017-08-17,0.0045003709726549
2017-08-18,0.007460835012738
2017-08-21,0.007579199449712
2017-08-22,-0.0131714365715495
2017-08-23,0.0
2017-08-24,0.0
2017-08-25,-0.0019985272012267
2017-08-28,0.0073535424610382
2017-08-29,-0.0065178187536665
2017-08-30,-0.0138394496524222
2017-08-31,0.0
2017-09-01,0.0
2017-09-05,0.0074484612438672
2017-09-06,-0.0028840540001634
2017-09-07,0.000554837431913
2017-09-08,0.0074969355880376
2017-09-11,-0.0082037225253194
2017-09-12,-0.0025738068863003
2017-09-13,-0.0081241327473864
2017-09-14,-0.0028500581429314
2017-09-15,0.006145734621928
2017-09-18,-0.0047188707957229
2017-09-19,0.0074257642069812
2017-09-20,0.0027449780228254
2017-09-21,0.0074950416363164
2017-09-22,-0.0029095929503792
2017-09-25,-0.0176757195510869
2017-09-26,0.0
2017-09-27,0.0074082119615592
2017-09-28,0.0074407603789905
2017-09-29,-0.0044458799065327
2017-10-02,-0.0106273286146824
2017-10-03,-0.0019323558516617
2017-10-04,-0.0006917421993495
2017-10-05,-0.007123721442829
2017-10-06,-0.0034564170411938
2017-10-09,0.0073436384879925
2017-10-10,0.0042493740505382
2017-10-11,-0.0052960742968236
2017-10-12,0.0051979300521705
2017-10-13,0.007447602470429
2017-10-16,0.0074971983617986
2017-10-17,0.0075683655975511
2017-10-18,0.0076890658238446
2017-10-19,-0.0109894742226682
2017-10-20,0.0073907219560833
2017-10-23,0.0075114444882598
2017-10-24,0.0075476897350286
2017-10-25,0.0074045107993181
2017-10-26,0.0072784967535681
2017-10-27,0.0
2017-10-30,0.0
2017-10-31,0.0074513519550598
2017-11-01,-0.012932139252066
2017-11-02,0.0
2017-11-03,-0.0085283195576559
2017-11-06,-0.013556910164757
2017-11-07,0.0
2017-11-08,0.007366780940468
2017-11-09,0.0
2017-11-10,0.0074158340752463
2017-11-13,0.0075870895099814
2017-11-14,0.0073833137110133
2017-11-15,0.0073190652713392
2017-11-16,0.0073262518995891
2017-11-17,0.0072979379182693
2017-11-20,0.0073144722799123
2017-11-21,0.0074139332728109
2017-11-22,-0.0037796168063702
2017-11-24,0.0073774844062146
2017-11-27,0.0074889725520881
2017-11-28,0.0075154479815824
2017-11-29,0.0075744892353573
2017-11-30,-0.0424916908013134
2017-12-01,0.0
2017-12-04,0.0
2017-12-05,0.0075354924428154
2017-12-06,0.0073483848960482
2017-12-07,0.0075372269550204
2017-12-08,0.0
2017-12-11,0.0
2017-12-12,0.0
2017-12-13,0.0
2017-12-14,0.0
2017-12-15,0.0076021531037042
2017-12-18,-0.0029177861930489
2017-12-19,0.0076091037396912
2017-12-20,0.0072995281860539
2017-12-21,-0.001028453445254
2017-12-22,-0.013076714497988
2017-12-26,-0.0010161183225059
2017-12-27,0.0063057695371044
2017-12-28,-0.0045070691063523
2017-12-29,0.0063078041505877
2018-01-02,-0.0190372363760172
2018-01-03,0.0
2018-01-04,0.0
2018-01-05,0.0
2018-01-08,-0.0027860191764089
2018-01-09,0.0074686589635175
2018-01-10,-0.0042643866578023
2018-01-11,0.0
2018-01-12,0.0
2018-01-16,0.0
2018-01-17,0.0076356420704928
2018-01-18,0.0073831052479862
2018-01-19,-0.005999039452558
2018-01-22,-0.0169674590515892
2018-01-23,0.0
2018-01-24,0.0075350224723234
2018-01-25,0.0075307479204649
2018-01-26,-0.0026824823564495
2018-01-29,0.0076730795042132
2018-01-30,0.0074346378292835
2018-01-31,0.0074779506815243
2018-02-01,-0.0042579178171188
2018-02-02,0.0076336077082475
2018-02-05,0.0074307366763448
2018-02-06,0.0072833754961847
2018-02-07,0.0
2018-02-08,0.0076186635562442
2018-02-09,0.029532455558201
2018-02-12,0.0075114714167967
2018-02-13,0.0
2018-02-14,0.0
2018-02-15,0.0074896580691481
2018-02-16,0.0075745640080957
2018-02-20,-0.0010145781712334
2018-02-21,0.0077130866614532
2018-02-22,0.0074746273887791
2018-02-23,0.0074237180260081
2018-02-26,0.0074051140060289
2018-02-27,0.0074537101055798
2018-02-28,0.0076253281371398
2018-03-01,-0.0076915624001742
2018-03-02,0.0072581526126158
2018-03-05,-0.0096432489291516
2018-03-06,0.0075915554024805
2018-03-07,0.0073016022629233
2018-03-08,0.0073537064433537
2018-03-09,-0.0116283235934591
2018-03-12,0.0
2018-03-13,0.0
2018-03-14,0.0075080878092399
2018-03-15,0.0307794464573176
2018-03-16,0.0030163249445567
2018-03-19,0.0077427770293809
2018-03-20,0.0074466673902295
2018-03-21,-0.0165318110087413
2018-03-22,0.0
2018-03-23,0.007558475558052
2018-03-26,0.0075325230602754
2018-03-27,0.0076173614292758
2018-03-28,0.0072440865951404
2018-03-29,-0.0105028430544787
2018-04-02,0.0
2018-04-03,0.0075128941320845
2018-04-04,0.0075247395337711
2018-04-05,-0.0139255940171839
2018-04-06,0.0
2018-04-09,0.0075132911193382
2018-04-10,-0.0186490756538871
2018-04-11,0.0
2018-04-12,0.0
2018-04-13,0.0076095777737161
2018-04-16,-0.0398172778447754
2018-04-17,0.0
2018-04-18,0.0
2018-04-19,0.007682216244667
2018-04-20,0.0073557355107438
2018-04-23,-0.021456232059707
2018-04-24,0.0
2018-04-25,0.0072696550955486
2018-04-26,0.0076346760403387
2018-04-27,-0.0030666735876857
2018-04-30,0.0009462341984152
2018-05-01,-0.0086838295083444
2018-05-02,0.0076681793761796
2018-05-03,0.0074129957154192
2018-05-04,-0.0161791794674083
2018-05-07,0.0
2018-05-08,0.0
2018-05-09,0.0
2018-05-10,0.0028981196838642
2018-05-11,0.0048739266297204
2018-05-14,-0.0206064721683509
2018-05-15,0.0
2018-05-16,-0.011583510197932
2018-05-17,0.0
2018-05-18,0.0
2018-05-21,-0.0029070671751829
2018-05-22,0.0027897720447953
2018-05-23,0.0075812567097757
2018-05-24,0.0074169124207228
2018-05-25,0.0074592397889465
2018-05-29,-0.0069132376035858
2018-05-30,-0.0157725414748431
2018-05-31,0.0
2018-06-01,-0.0076874755972842
2018-06-04,-0.0085545522039416
2018-06-05,-0.0057079490100963
2018-06-06,0.0075198496825561
2018-06-07,-0.0057085286839748
2018-06-08,0.0075208688028867
2018-06-11,-0.0177934561664986
2018-06-12,0.0
2018-06-13,0.0074940343225808
2018-06-14,0.0037346770418313
2018-06-15,0.0077296073679242
2018-06-18,-0.0176639386941441
2018-06-19,-0.0058495692781183
2018-06-20,-0.0010189640189796
2018-06-21,0.0073464456060756
2018-06-22,0.0075933332184892
2018-06-25,0.007471101443248
2018-06-26,-0.0176843313312007
2018-06-27,0.0
2018-06-28,0.0074706572310194
2018-06-29,0.0074702916037678
2018-07-02,0.0074922829900814
2018-07-03,0.000921688678237
2018-07-05,-0.0010332954687295
2018-07-06,-0.0081531087017637
2018-07-09,0.0
2018-07-10,0.0028463432214542
2018-07-11,0.0018937564697913
2018-07-12,-0.0081073765594008
2018-07-13,-0.0048624482650609
2018-07-16,-0.001027571470142
2018-07-17,0.0018833197449081
2018-07-18,-0.0176204385912748
2018-07-19,0.0
2018-07-20,0.0
2018-07-23,0.0074614162390416
2018-07-24,0.0008788912461301
2018-07-25,-0.0197219308475373
2018-07-26,0.0
2018-07-27,0.0
2018-07-30,-0.0083123771993151
2018-07-31,0.0
2018-08-01,0.0
2018-08-02,-0.0163604292711392
2018-08-03,0.0
2018-08-06,-0.0070962715712202
2018-08-07,0.0075768602560473
2018-08-08,-0.0123038849851665
2018-08-09,-0.0073076099776646
2018-08-10,0.0
2018-08-13,0.0075411707070447
2018-08-14,0.0037602695968348
2018-08-15,0.0073851197111447
2018-08-16,-0.0027213692309248
2018-08-17,-0.0100104446336123
2018-08-20,0.0
2018-08-21,0.0
2018-08-22,-0.0047069344007851
2018-08-23,0.0034368397036079
2018-08-24,0.0008088035800302
2018-08-27,0.0016855149536578
2018-08-28,0.0076157742710951
2018-08-29,0.0073603148754344
2018-08-30,0.0073853272981656
2018-08-31,0.0074198257326438
2018-09-04,-0.0045246929606088
2018-09-05,0.0073310626796501
2018-09-06,0.0074067467359215
2018-09-07,-0.0036446865126923
2018-09-10,-0.00095584871632
2018-09-11,-0.0065707213154784
2018-09-12,0.0008256845938736
2018-09-13,0.0073616643863798
2018-09-14,0.0073849535246424
2018-09-17,0.0074277437656946
2018-09-18,0.0
2018-09-19,0.0065655974361478
2018-09-20,-0.0009598821578633
2018-09-21,0.0017379078634891
2018-09-24,0.0075303354890132
2018-09-25,0.0075838191634329
2018-09-26,0.0073421345986703
2018-09-27,-0.0067986226575662
2018-09-28,-0.0094800006335178
2018-10-01,0.0
2018-10-02,0.0
2018-10-03,-0.0072216698062769
2018-10-04,0.0
2018-10-05,0.0
2018-10-08,-0.0012626976916106
2018-10-09,-0.0140158855168779
2018-10-10,0.0075081674960235
2018-10-11,0.0076399154637774
2018-10-12,0.0073149586716112
2018-10-15,0.0027090952309647
2018-10-16,-0.0134293273572998
2018-10-17,0.0
2018-10-18,0.0
2018-10-19,0.0073602016396152
2018-10-22,0.0073930908745118
2018-10-23,0.0075061146994548
2018-10-24,0.0077632858014253
2018-10-25,0.0073890736718478
2018-10-26,0.0075587789835454
2018-10-29,0.0076087397608102
2018-10-30,-0.0263235363214363
2018-10-31,0.0
2018-11-01,-0.0059620825729723
2018-11-02,0.0075512972042763
2018-11-05,-0.0162047621154687
2018-11-06,0.0
2018-11-07,-0.0041970804743604
2018-11-08,0.0
2018-11-09,0.0073178335406658
2018-11-12,0.0074480124783204
2018-11-13,0.0075840341245929
2018-11-14,0.007612741786565
2018-11-15,-0.0122488686742494
2018-11-16,0.0
2018-11-19,-0.0010474184685321
2018-11-20,0.0077432267499319
2018-11-21,-0.0133515926584659
2018-11-23,0.0073940927093554
2018-11-26,-0.0020758573063968
2018-11-27,0.0073898578704811
2018-11-28,0.0072968209902144
2018-11-29,0.0
2018-11-30,0.0
2018-12-03,-0.0152563196812889
2018-12-04,0.0
2018-12-06,0.0073344451640504
2018-12-07,0.0076868971061092
2018-12-10,0.0074697269033254
2018-12-11,0.0074398611545529
2018-12-12,-0.0010701473222713
2018-12-13,0.0
2018-12-14,0.0
2018-12-17,0.0075196101312848
2018-12-18,0.030069584352796
2018-12-19,-0.0102057927901447
2018-12-20,0.0075033982680379
2018-12-21,0.0076190182753241
2018-12-24,0.0076039589953562
2018-12-26,-0.0421920826408478
2018-12-27,0.0
2018-12-28,0.0073178566581901
2018-12-31,-0.0055309451549659
2019-01-02,0.0
2019-01-03,0.0
2019-01-04,0.0
2019-01-07,0.0
2019-01-08,0.0
2019-01-09,0.0
2019-01-10,0.0
2019-01-11,0.0075592719975596
2019-01-14,0.0039507850038851
2019-01-15,-0.0092440037634525
2019-01-16,0.0
2019-01-17,-0.0039856430157423
2019-01-18,-0.0071667511307207
2019-01-22,0.0
2019-01-23,0.0075568566660046
2019-01-24,0.0075221226273332
2019-01-25,-0.0062460985557838
2019-01-28,0.0
2019-01-29,-0.0039541721585725
2019-01-30,0.0
2019-01-31,0.0
2019-02-01,-0.0090311283093728
2019-02-04,-0.0080128700208218
2019-02-05,-0.0038702384038827
2019-02-06,0.0076556572141379
2019-02-07,0.0074970467119801
2019-02-08,0.0075342220552441
2019-02-11,-0.0053389154941067
2019-02-12,-0.0059034078938345
2019-02-13,0.0
2019-02-14,0.0
2019-02-15,0.0
2019-02-19,0.0
2019-02-20,0.0
2019-02-21,0.0075462439276017
2019-02-22,0.0069240644315737
2019-02-25,-0.0069907098398382
2019-02-26,0.0076056491985398
2019-02-27,0.0076213242536216
2019-02-28,0.0073547730754635
2019-03-01,0.0073097005599092
2019-03-04,0.0072951884815282
2019-03-05,0.0072976082546316
2019-03-06,0.0073882027983882
2019-03-07,-0.0130987754055452
2019-03-08,0.0073040341585661
2019-03-11,-0.0092031569697178
2019-03-12,0.0018393130420939
2019-03-13,0.0037338822686545
2019-03-14,0.0
2019-03-15,0.0075216213517845
2019-03-18,-0.0100408257566342
2019-03-19,0.0
2019-03-20,0.0
2019-03-21,-0.0098536134125057
2019-03-22,0.0073972888895261
2019-03-25,0.0074716003229784
2019-03-26,0.007424994730631
2019-03-27,0.0074838946041848
2019-03-28,-0.006307730874246
2019-03-29,0.0021251391189476
2019-04-01,-0.0058996198869734
2019-04-02,0.0
2019-04-03,0.0073373631501805
2019-04-04,0.0073578668058638
2019-04-05,-0.0040536484995563
2019-04-08,0.0039547091768548
2019-04-09,0.0073956551335834
2019-04-10,0.0049335374624648
2019-04-11,-0.0040854690433069
2019-04-12,0.002718875355788
2019-04-15,0.0027179107649557
2019-04-16,0.0073978140982355
2019-04-17,0.0074576686909009
2019-04-18,0.0074864155243954
2019-04-22,-0.0078076717427383
2019-04-23,0.0008760564686367
2019-04-24,0.0074491398491569
2019-04-25,0.0008885990709011
2019-04-26,-0.0009928703001408
2019-04-29,-0.0009891715219948
2019-04-30,0.0074897102470896
2019-05-01,0.0074795502062652
2019-05-02,0.0076129596244793
2019-05-03,-0.0060436389354173
2019-05-06,-0.0060706464949732
2019-05-07,-0.0092104125301359
2019-05-08,0.0
2019-05-09,0.0076272827536234
2019-05-10,-0.0244579256036557
2019-05-13,0.0
2019-05-14,-0.0009844788793357
2019-05-15,-0.0172111668674259
2019-05-16,0.0
2019-05-17,0.0076007583678012
2019-05-20,0.0030173690540342
2019-05-21,-0.0079581863433152
2019-05-22,0.0020827071822016
2019-05-23,0.0073850977360456
2019-05-24,0.007390645834155
2019-05-28,0.0074633892928825
2019-05-29,0.0074753124602893
2019-05-30,0.0075532747709572
2019-05-31,-0.0054512629776579
2019-06-03,-0.0022656913167223
2019-06-04,-0.006300927866366
2019-06-05,0.0
2019-06-06,-0.0063303889446927
2019-06-07,0.0027728462397276
2019-06-10,-0.0009935057960647
2019-06-11,0.0011995060733338
2019-06-12,0.0030916777194436
2019-06-13,0.0011950760487833
2019-06-14,0.0074994457182104
2019-06-17,0.007547671075949
2019-06-18,0.0040608798068044
2019-06-19,0.0012115882554106
2019-06-20,0.0027746517431972
2019-06-21,-0.0031910866751386
2019-06-24,-0.0072134641739329
2019-06-25,0.0075298453193377
2019-06-26,0.0008907871342391
2019-06-27,0.007507979923288
2019-06-28,-0.0100005688702321
2019-07-01,0.0
2019-07-02,-0.0019090997505477
2019-07-03,-0.0071070829716491
2019-07-05,-0.0070584309305359
2019-07-08,0.0020891772772817
2019-07-09,0.0073080959445912
2019-07-10,-0.0058232978540608
2019-07-11,-0.0030710524816467
2019-07-12,0.0011583286056986
2019-07-15,0.0060042269757909
2019-07-16,0.0008568534086954
2019-07-17,0.0029885548202761
2019-07-18,0.0076257669927508
2019-07-19,0.0008691718495728
2019-07-22,-0.0100436993882633
2019-07-23,0.0
2019-07-24,-0.0018673452954135
2019-07-25,0.0075573724762569
2019-07-26,0.0076122532733118
2019-07-29,0.0074099524689876
2019-07-30,0.0073919725504791
2019-07-31,0.0074223286540657
2019-08-01,0.0075155962617956
2019-08-02,0.0076222580120777
2019-08-05,0.0074587415738966
2019-08-06,0.0075084311221871
2019-08-07,0.0076049488273965
2019-08-08,0.0075364776591138
2019-08-09,0.0075826737441899
2019-08-12,0.0076601280534407
2019-08-13,-0.0067108777241371
2019-08-14,0.007367088627586
2019-08-15,0.007406335535125
2019-08-16,-0.0100749552392801
2019-08-19,0.0
2019-08-20,0.0
2019-08-21,-0.0013538549573619
2019-08-22,0.0075561005043225
2019-08-23,0.0074256895924886
2019-08-26,0.0074255456450058
2019-08-27,0.0074927365622361
2019-08-28,-0.0213642988844326
2019-08-29,0.0
2019-08-30,0.0
2019-09-03,-0.0033678166321426
2019-09-04,0.0
2019-09-05,0.0
2019-09-06,0.0075990420438234
2019-09-09,-0.0098978820304931
2019-09-10,-0.0065577693785147
2019-09-11,0.0
2019-09-12,0.0009323045420683
2019-09-13,-0.0182847645754834
2019-09-16,0.0
2019-09-17,0.0
2019-09-18,-0.0013171663549897
2019-09-19,0.0075519632382206
2019-09-20,0.0021756747445391
2019-09-23,0.0018616359424949
2019-09-24,0.007675368410996
2019-09-25,0.0074392981398279
2019-09-26,0.0074745507662454
2019-09-27,-0.0013619191040602
2019-09-30,-0.0043128573034297
2019-10-01,0.00753341696316
2019-10-02,0.00760933465175
2019-10-03,0.0072758039573674
2019-10-04,-0.0010399420743689
2019-10-07,0.007653186735641
2019-10-08,0.0074167896587196
2019-10-09,0.0074684815854004
2019-10-10,-0.0054905981973465
2019-10-11,0.0074341521017391
2019-10-14,0.0075109275080016
2019-10-15,-0.0024380122650383
2019-10-16,0.0033948585083698
2019-10-17,0.0075751350456569
2019-10-18,-0.0058978068749794
2019-10-21,0.0033985897111434
2019-10-22,0.0033988852305819
2019-10-23,0.0034109055726312
2019-10-24,0.0075828525216539
2019-10-25,0.0
2019-10-28,0.0076442079747141
2019-10-29,0.0024145839484455
2019-10-30,0.0
2019-10-31,0.0073308695458671
2019-11-01,-0.0045597092423975
2019-11-04,0.0
2019-11-05,0.0
2019-11-06,0.0077179226532921
2019-11-07,0.007470378261128
2019-11-08,0.0074922337894989
2019-11-11,0.0076016612660307
2019-11-12,0.0061751528562172
2019-11-13,0.0047482413984873
2019-11-14,0.0073396063715613
2019-11-15,-0.0087975492111368
2019-11-18,0.0
2019-11-19,0.0075496175417324
2019-11-20,-0.0026876581635373
2019-11-21,-0.0188425981523583
2019-11-22,0.0
2019-11-25,0.0
2019-11-26,0.0
2019-11-27,0.0073858460357796
2019-11-29,0.0074345669830435
2019-12-02,0.0074928538458831
2019-12-03,0.007582310043342
2019-12-04,0.0075497191963911
2019-12-05,0.0075525103867255
2019-12-06,-0.0064617636248115
2019-12-09,0.0
2019-12-10,0.0
2019-12-11,0.0
2019-12-12,-0.0060730518281555
2019-12-13,0.0
2019-12-16,-0.0155590000334926
2019-12-17,0.0
2019-12-18,0.0
2019-12-19,0.0
2019-12-20,-0.012974890024453
2019-12-23,0.0
2019-12-24,-0.0024244242637797
2019-12-26,-0.0091144208564314
2019-12-27,0.0
2019-12-30,0.0075857319570629
2019-12-31,-0.0117516670099466
2020-01-02,-0.0034424296180519
2020-01-03,0.0
2020-01-06,0.0
2020-01-07,0.0
2020-01-08,0.0075979409516
2020-01-09,0.0073103545848138
2020-01-10,0.0073528989185258
2020-01-13,-0.0057143151344748
2020-01-14,0.0075480232377345
2020-01-15,0.0
2020-01-16,0.0022656114463173
2020-01-17,0.0075733554037504
2020-01-21,0.0077505326780498
2020-01-22,0.0075619434047144
2020-01-23,0.0075886347664049
2020-01-24,0.0077178187152868
2020-01-27,0.0
2020-01-28,0.0024562678656765
2020-01-29,0.0074641376036423
2020-01-30,0.0075281234618589
2020-01-31,0.0076233099191529
2020-02-03,0.0073154117456468
2020-02-04,-0.0022096878263716
2020-02-05,0.0
2020-02-06,0.0
2020-02-07,0.0076360722756707
2020-02-10,0.0074082239765898
2020-02-11,0.0
2020-02-12,-0.0083601350967018
2020-02-13,0.0
2020-02-14,0.0076075022207999
2020-02-18,0.0076277981676435
2020-02-19,0.0076871023535829
2020-02-20,0.0073690003678215
2020-02-21,0.0074348922814138
2020-02-24,0.0076252801572025
2020-02-25,0.0306071295016683
2020-02-26,0.0259496837071426
2020-02-27,0.0301503039096688
2020-02-28,-0.0403154650321592
2020-03-02,0.0074540016689887
2020-03-03,0.0
2020-03-04,0.00764258406002
2020-03-05,0.0074409699117536
2020-03-06,0.0306774956188968
2020-03-09,0.0328174289945861
2020-03-10,0.0291875396643217
2020-03-11,0.0
2020-03-12,0.0312406882128977
2020-03-13,0.0291606612898251
2020-03-16,0.0
2020-03-17,0.0309762925900041
2020-03-18,0.0314084748742848
2020-03-19,0.0256347682361566
2020-03-20,0.0
2020-03-23,0.0
2020-03-24,0.0302483926404222
2020-03-25,0.027795987256729
2020-03-26,0.0
2020-03-27,0.0
2020-03-30,0.0303026073159538
2020-03-31,-0.072343752324672
2020-04-01,0.0
2020-04-02,-0.014519285217653
2020-04-03,0.0
2020-04-06,-0.0032119774172384
2020-04-07,0.0306788778478122
2020-04-08,-0.0084548010009335
2020-04-09,0.0296010982912475
2020-04-13,0.0
2020-04-14,0.0
2020-04-15,0.0
2020-04-16,0.0203963705188656
2020-04-17,-0.0425900663531008
2020-04-20,0.0
2020-04-21,0.0073015557243625
2020-04-22,0.0
2020-04-23,-0.0432329725960968
2020-04-24,0.0
2020-04-27,0.0073018043212562
2020-04-28,0.0071194498577016
2020-04-29,-0.0516142440640279
2020-04-30,0.0
2020-05-01,0.0075996848584396
2020-05-04,-0.0340299181628296
2020-05-05,0.0074450809265669
2020-05-06,0.0076311137157347
2020-05-07,0.0076488661568518
2020-05-08,-0.0251544059955191
2020-05-11,0.0
2020-05-12,0.007518783648398
2020-05-13,0.0078010807112149
2020-05-14,0.0284403900459604
2020-05-15,0.0
2020-05-18,0.0
2020-05-19,0.0
2020-05-20,0.0
2020-05-21,0.0
2020-05-22,0.0
2020-05-26,0.0
2020-05-27,0.0
2020-05-28,0.0
2020-05-29,0.0072023042085986
2020-06-01,0.0077507643661702
2020-06-02,-0.0202697391585034
2020-06-03,0.0
2020-06-04,0.0
2020-06-05,0.0
2020-06-08,0.0
2020-06-09,0.0
2020-06-10,0.0294373922046995
2020-06-11,0.0303360411903428
2020-06-12,0.0307009334207377
2020-06-15,-0.0838773728348467
2020-06-16,0.0
2020-06-17,0.0
2020-06-18,0.0074784867300825
2020-06-19,0.0076276387386184
2020-06-22,0.0075362791998132
2020-06-23,0.0
2020-06-24,0.0075879825398357
2020-06-25,-0.0157883969191505
2020-06-26,0.0079526047710769
2020-06-29,0.0062676751276076
2020-06-30,0.0072667113535118
2020-07-01,0.0
2020-07-02,0.0074176599039528
2020-07-06,0.0076322103541937
2020-07-07,-0.0146632125052779
2020-07-08,0.0075694028086283
2020-07-09,0.007870112997161
2020-07-10,-0.0209717625179373
2020-07-13,0.0079029721865575
2020-07-14,0.0073244659745586
2020-07-15,-0.0297282811345382
2020-07-16,0.0
2020-07-17,0.0
2020-07-20,0.0046691293002152
2020-07-21,-0.0417116961185464
2020-07-22,0.0
2020-07-23,0.0073857443106535
2020-07-24,0.0074768018184359
2020-07-27,0.0075468058997765
2020-07-28,0.0011443968097282
2020-07-29,-0.0283071732414162
2020-07-30,0.0
2020-07-31,0.0075551588320048
2020-08-03,0.0074368568348444
2020-08-04,0.0
2020-08-05,0.0
2020-08-06,0.0
2020-08-07,0.0
2020-08-10,-0.0246518710481156
2020-08-11,0.0
2020-08-12,0.0074318260905024
2020-08-13,0.0075042956901334
2020-08-14,-0.0043345818173665
2020-08-17,0.0075340414369355
2020-08-18,0.0076876161106014
2020-08-19,0.0077606735900661
2020-08-20,0.007245393185604
2020-08-21,0.0073199059243469
2020-08-24,0.0073497077016035
2020-08-25,0.0074342045358275
2020-08-26,0.0076727906648006
2020-08-27,-0.0123143264109448
2020-08-28,0.0
2020-08-31,0.0
2020-09-01,0.0076053823363575
2020-09-02,0.0076643041780983
2020-09-03,0.0077512048890413
2020-09-04,0.0077707110174691
2020-09-08,0.0073611256843251
2020-09-09,0.0073298856597971
2020-09-10,0.0075014764167737
2020-09-11,0.0075535461672022
2020-09-14,-0.0179382408268907
2020-09-15,0.0
2020-09-16,-0.0142053449109499
2020-09-17,0.0
2020-09-18,0.0075334231245538
2020-09-21,0.0076945713455183
2020-09-22,0.0078056917659887
2020-09-23,0.0075076796841127
2020-09-24,0.0296283234478724
2020-09-25,0.007538948323309
2020-09-28,0.0
2020-09-29,0.0
2020-09-30,0.0
2020-10-01,0.0074369791120338
2020-10-02,-0.0388966566866894
2020-10-05,0.0
2020-10-06,0.0
2020-10-07,0.0072007089144454
2020-10-08,-0.0529479455564417
2020-10-09,0.0
2020-10-12,0.0
2020-10-13,0.007365711261446
2020-10-14,0.0
2020-10-15,0.0
2020-10-16,0.0
2020-10-19,0.0075004558325717
2020-10-20,-0.009927239140583
2020-10-21,0.0
2020-10-22,-0.0497856108294878
2020-10-23,0.0
2020-10-26,0.0
2020-10-27,0.0074750102150229
2020-10-28,0.0077734588723918
2020-10-29,-0.0236229897896309
2020-10-30,0.0077075218049111
2020-11-02,0.0076773546055877
2020-11-03,0.007604008091137
2020-11-04,0.0
2020-11-05,0.0
2020-11-06,0.0
2020-11-09,0.0076176861254768
2020-11-10,0.0
2020-11-11,0.0
2020-11-12,0.0075247392155251
2020-11-13,-0.0136329834424316
2020-11-16,0.0
2020-11-17,0.0
2020-11-18,0.0
2020-11-19,0.0072024968756496
2020-11-20,0.0
2020-11-23,-0.0350578683912797
2020-11-24,0.0
2020-11-25,0.0
2020-11-27,0.0
2020-11-30,0.0077994864427786
2020-12-01,0.0077217826628179
2020-12-02,0.0
2020-12-03,0.0
2020-12-04,0.0
2020-12-07,0.0
2020-12-08,-0.0089099335753843
2020-12-09,0.0
2020-12-10,-0.0391012609065337
2020-12-11,0.0
2020-12-14,0.0
2020-12-15,0.0074665367696216
2020-12-16,0.0
2020-12-17,0.0076360121059311
2020-12-18,0.0076809963577868
2020-12-21,0.007403298552993
2020-12-22,0.0074219576549476
2020-12-23,-0.0020040620841491
2020-12-24,0.0074474774068475
2020-12-28,0.0075698752723465
2020-12-29,0.0076046422252806
2020-12-30,0.0076509854622748
2020-12-31,-0.0071451787154942
2021-01-04,0.0
2021-01-05,0.0
2021-01-06,0.0
2021-01-07,0.0
2021-01-08,0.0
2021-01-11,0.0074229197846835
2021-01-12,0.0
2021-01-13,0.0
2021-01-14,0.0
2021-01-15,0.0
2021-01-19,0.0075460680971546
2021-01-20,0.0076433913711375
2021-01-21,0.0079080725223599
2021-01-22,0.0075048620850692
2021-01-25,0.0075160631277821
2021-01-26,0.0075729303124625
2021-01-27,0.0077804251014181
2021-01-28,-0.0190736355336785
2021-01-29,0.0
2021-02-01,0.0076756856548516
2021-02-02,0.0076027924150234
2021-02-03,0.0
2021-02-04,0.0
2021-02-05,0.0073865072132712
2021-02-08,0.0
2021-02-09,0.0
2021-02-10,0.0073053439047225
2021-02-11,0.0073059769826275
2021-02-12,-0.013141201958548
2021-02-16,0.0
2021-02-17,0.0
2021-02-18,0.0077774038276448
2021-02-19,-0.0063802311068922
2021-02-22,0.0
2021-02-23,0.0
2021-02-24,0.0
2021-02-25,0.0
2021-02-26,0.0075817003422944
2021-03-01,-0.0336092096435171
2021-03-02,0.0
2021-03-03,0.0
2021-03-04,0.0
2021-03-05,0.0
2021-03-08,0.0
2021-03-09,0.0077807938314808
2021-03-10,-0.0359027089732623
2021-03-11,0.0
2021-03-12,-0.0067043230420348
2021-03-15,0.0074515120034541
2021-03-16,0.0076008550341992
2021-03-17,0.0075770429436037
2021-03-18,0.0079210901225044
2021-03-19,-0.0115827376023082
2021-03-22,0.0074344152792324
2021-03-23,0.0077779261398229
2021-03-24,0.0064352257441104
2021-03-25,0.0072394693729802
2021-03-26,0.0
2021-03-29,0.0
2021-03-30,0.0076085767416589
2021-03-31,-0.0142222548938178
2021-04-01,0.0
2021-04-05,0.0
2021-04-06,0.0073244943583907
2021-04-07,0.0072954934488886
2021-04-08,0.0072474710154228
2021-04-09,0.0073674625784845
2021-04-12,0.0073831980338896
2021-04-13,0.0073809167509064
2021-04-14,-0.0129646261877375
2021-04-15,0.0
2021-04-16,0.0
2021-04-19,-0.0036712578377866
2021-04-20,0.0072839584682777
2021-04-21,-0.0228239598326007
2021-04-22,0.0
2021-04-23,-0.0178253087527813
2021-04-26,0.0
2021-04-27,0.0
2021-04-28,-0.0226309006204671
2021-04-29,0.0
2021-04-30,0.0
2021-05-03,0.0072921746083696
2021-05-04,0.0072798251746244
2021-05-05,0.0
2021-05-06,0.0
2021-05-07,0.0
2021-05-10,0.0
2021-05-11,0.0
2021-05-12,0.0074308061303782
2021-05-13,-0.0201959855536986
2021-05-14,0.0
2021-05-17,0.0
2021-05-18,0.0
2021-05-19,0.0076654135768736
2021-05-20,0.0072065920827799
2021-05-21,0.0
2021-05-24,-0.0060874602756968
2021-05-25,0.0
2021-05-26,-0.0072339137687952
2021-05-27,0.0075586647632219
2021-05-28,0.0076026908428157
2021-06-01,-0.0180450099449006
2021-06-02,0.0
2021-06-03,0.0
2021-06-04,0.0076020338097515
2021-06-07,-0.0160051933742655
2021-06-08,0.0
2021-06-09,0.0
2021-06-10,0.0
2021-06-11,0.0
2021-06-14,0.0
2021-06-15,0.0074721859387987
2021-06-16,0.0073824192281892
2021-06-17,0.0
2021-06-18,0.0173905808648575
2021-06-21,-0.022621189758689
2021-06-22,0.0
2021-06-23,0.0074724449051843
2021-06-24,0.0074312641361597
2021-06-25,0.0075440776539312
2021-06-28,0.0077181098594234
2021-06-29,-0.001424963295441
2021-06-30,-0.0168246172144698
2021-07-01,0.0
2021-07-02,0.0
2021-07-06,0.0075013169576252
2021-07-07,0.0076686875423452
2021-07-08,0.0073565096892098
2021-07-09,-0.0165042114213291
2021-07-12,0.0
2021-07-13,0.0077641164796933
2021-07-14,0.0075264925013096
2021-07-15,0.0076482792521455
2021-07-16,0.0077405764502405
2021-07-19,0.0077030552995716
2021-07-20,-0.0358440627724513
2021-07-21,0.0
2021-07-22,0.0073744499440016
2021-07-23,0.0073676475164994
2021-07-26,-0.0317002957119825
2021-07-27,0.0
2021-07-28,0.0072704210602589
2021-07-29,0.0075414396860749
2021-07-30,0.0
2021-08-02,0.0074462211252701
2021-08-03,0.0074148394318795
2021-08-04,0.0076059074293695
2021-08-05,0.0076470853956802
2021-08-06,0.0076388622044609
2021-08-09,0.0073028899423677
2021-08-10,-0.0188281222477508
2021-08-11,0.0
2021-08-12,0.0
2021-08-13,0.0
2021-08-16,0.0074578395380175
2021-08-17,0.0075143362826837
2021-08-18,0.0076589163548486
2021-08-19,0.0074300716093824
2021-08-20,-0.0140057891982235
2021-08-23,0.0015029347491068
2021-08-24,0.0
2021-08-25,0.0
2021-08-26,0.0076438439230299
2021-08-27,-0.0227485165847884
2021-08-30,0.0
2021-08-31,0.0
2021-09-01,-0.0163745826171555
2021-09-02,0.0
2021-09-03,0.0
2021-09-07,0.0073732879263497
2021-09-08,0.0074272750482959
2021-09-09,0.0074189527632027
2021-09-10,0.0075025976326044
2021-09-13,-0.0078066588738794
2021-09-14,0.0074521152382189
2021-09-15,-0.0003983672750876
2021-09-16,0.0073805683248937
2021-09-17,0.007503057732026
2021-09-20,0.0073784699252827
2021-09-21,0.0081343096365114
2021-09-22,-0.0155661079707011
2021-09-23,0.0
2021-09-24,0.0
2021-09-27,-0.023445407553347
2021-09-28,0.0
2021-09-29,0.0076148884464828
2021-09-30,0.0076758659060911
2021-10-01,0.0075732872083515
2021-10-04,0.0
2021-10-05,0.0
2021-10-06,0.0075656128122925
2021-10-07,-0.0138742444708754
2021-10-08,0.0
2021-10-11,0.0
2021-10-12,-0.0099844025400028
2021-10-13,0.0
2021-10-14,-0.0097598816052867
2021-10-15,0.0
2021-10-18,0.007331888095388
2021-10-19,0.0072941027960551
2021-10-20,-0.0200757171967358
2021-10-21,0.0
2021-10-22,0.0073383381398524
2021-10-25,0.0076540821044153
2021-10-26,0.0074375258431493
2021-10-27,0.0074868054788177
2021-10-28,0.0075307534200546
2021-10-29,0.0076474338925589
2021-11-01,-0.0154091785767016
2021-11-02,0.0
2021-11-03,-0.002784256116729
2021-11-04,0.0076144204341792
2021-11-05,0.0076140796773476
2021-11-08,-0.0096278969552859
2021-11-09,0.0074886147886463
2021-11-10,0.0075600157062127
2021-11-11,-0.0092518911158727
2021-11-12,-0.0048037718607327
2021-11-15,0.0006575591228346
2021-11-16,0.0075018966760109
2021-11-17,0.0076656864220936
2021-11-18,0.007357276598187
2021-11-19,0.0075688529047936
2021-11-22,-0.0003870236743366
2021-11-23,-0.0099821566802585
2021-11-24,0.0
2021-11-26,0.0075496034251534
2021-11-29,0.0077110343369537
2021-11-30,0.0075293321507508
2021-12-01,0.0302291712213016
2021-12-02,0.0074910096184916
2021-12-03,0.0
2021-12-06,0.0075426287062132
2021-12-07,0.0
2021-12-08,-0.0066855619824994
2021-12-09,0.007451725232036
2021-12-10,0.0075078110385951
2021-12-13,0.0076852273421592
2021-12-14,0.001915651108179
2021-12-15,0.0072866397418716
2021-12-16,-0.0042119941984687
2021-12-17,0.0076480996021726
2021-12-20,0.0074149010825015
2021-12-21,-0.013813694884224
2021-12-22,0.0
2021-12-23,-0.0034395060188439
2021-12-27,0.0
2021-12-28,0.0
2021-12-29,0.0074210576216642
2021-12-30,-0.000767158133801
2021-12-31,-0.0201215790815576
2022-01-03,0.0
2022-01-04,0.0
2022-01-05,0.0
2022-01-06,0.0075767506550961
2022-01-07,0.0
2022-01-10,0.0
2022-01-11,0.0
2022-01-12,0.0
2022-01-13,0.0
2022-01-14,-0.0164843987081004
2022-01-18,0.0
2022-01-19,0.0076143580704173
2022-01-20,0.0073422668789462
2022-01-21,0.0074998503663605
2022-01-24,0.0071800035332481
2022-01-25,0.0073432086597464
2022-01-26,0.0
2022-01-27,0.0
2022-01-28,0.0076149984568871
2022-01-31,-0.0128408203628366
2022-02-01,0.0
2022-02-02,0.0
2022-02-03,0.0
2022-02-04,0.0074567953989355
2022-02-07,0.0
2022-02-08,0.0075342847040369
2022-02-09,-0.004089762455409
2022-02-10,0.0076390459717095
2022-02-11,-0.0274568892717712
2022-02-14,0.0
2022-02-15,-0.002247001323791
2022-02-16,0.0075854472173035
2022-02-17,0.0076457823881832
2022-02-18,0.0074071618829436
2022-02-22,0.0075462859736548
2022-02-23,0.0075177132287558
2022-02-24,0.0075881764647884
2022-02-25,-0.0184604860704751
2022-02-28,0.0
2022-03-01,0.0
2022-03-02,0.0
2022-03-03,0.0073578985829452
2022-03-04,0.0073023395238331
2022-03-07,0.0
2022-03-08,0.0076199990235585
2022-03-09,0.0074253639555426
2022-03-10,-0.0131213302954587
2022-03-11,0.0
2022-03-14,0.0299627040721113
2022-03-15,-0.0095787254936573
2022-03-16,0.0075074481335457
2022-03-17,-0.0016366875981758
2022-03-18,0.0
2022-03-21,-0.0146032967610316
2022-03-22,0.0
2022-03-23,0.0075166398089887
2022-03-24,-0.0111347576977244
2022-03-25,0.0
2022-03-28,0.0
2022-03-29,-0.0185738217231378
2022-03-30,0.0075820114266733
2022-03-31,0.003963783862307
2022-04-01,0.0073204896640179
2022-04-04,0.0075598596497077
2022-04-05,0.0
2022-04-06,0.007636099296548
2022-04-07,0.0076057217313101
2022-04-08,0.007510115101017
2022-04-11,0.0076256383493351
2022-04-12,-0.0187179370860078
2022-04-13,0.0
2022-04-14,0.0
2022-04-18,0.0076285903211683
2022-04-19,-0.0139727121151631
2022-04-20,0.0
2022-04-21,0.0
2022-04-22,0.007754567148521
2022-04-25,0.0295282008833805
2022-04-26,0.0073992381978551
2022-04-27,0.0073718979760828
2022-04-28,0.0
2022-04-29,0.0
2022-05-02,0.0073832971159231
2022-05-03,-0.0246444802631952
2022-05-04,0.0
2022-05-05,0.0
2022-05-06,0.0073309813560371
2022-05-09,0.0077537522553243
2022-05-10,0.0296886693378255
2022-05-11,0.0301564968800411
2022-05-12,0.0076055477607746
2022-05-13,-0.0220157358352693
2022-05-16,0.0
2022-05-17,0.0
2022-05-18,0.0
2022-05-19,0.0072986077829988
2022-05-20,0.007555107914396
2022-05-23,-0.0048071933453032
2022-05-24,0.0
2022-05-25,-0.0233936304168376
2022-05-26,0.0
2022-05-27,0.0
2022-05-31,0.0
2022-06-01,0.0
2022-06-02,0.0
2022-06-03,-0.0042146578856598
2022-06-06,0.0074968054315571
2022-06-07,0.0
2022-06-08,0.0
2022-06-09,0.0074885226059058
2022-06-10,0.0077157494321755
2022-06-13,0.0303782255703881
2022-06-14,0.030375871411894
2022-06-15,0.0299370768014066
2022-06-16,0.0075645189337882
2022-06-17,0.0300997485265175
2022-06-21,-0.017173694172985
2022-06-22,0.0
2022-06-23,0.0300084251032224
2022-06-24,0.0073746750766565
2022-06-27,0.0
2022-06-28,0.0
2022-06-29,0.0
2022-06-30,-0.0090400618806664
2022-07-01,0.0075583207980216
2022-07-05,0.0074246808434064
2022-07-06,0.0075689667896026
2022-07-07,-0.0254459117265102
2022-07-08,0.0
2022-07-11,0.0
2022-07-12,0.0073696167931034
2022-07-13,-0.0175882929307024
2022-07-14,0.0073792789982412
2022-07-15,0.0075446521752531
2022-07-18,0.0
2022-07-19,0.0
2022-07-20,0.0
2022-07-21,0.0072531903723038
2022-07-22,0.0076641666325225
2022-07-25,0.0074164648332983
2022-07-26,0.0
2022-07-27,0.0
2022-07-28,0.0
2022-07-29,0.0
2022-08-01,0.0073897387679802
2022-08-02,0.0073946999794543
2022-08-03,0.007399154323229
2022-08-04,0.0076349365367416
2022-08-05,-0.0143236130984506
2022-08-08,-0.0036502712321706
2022-08-09,0.0
2022-08-10,0.0
2022-08-11,0.0
2022-08-12,0.0
2022-08-15,0.0
2022-08-16,-0.0120336010272478
2022-08-17,0.0
2022-08-18,-0.0187732363120869
2022-08-19,0.0
2022-08-22,-0.0056932508178549
2022-08-23,-0.0157886400100312
2022-08-24,0.0
2022-08-25,0.0
2022-08-26,0.0074544792528734
2022-08-29,-0.0104941869186192
2022-08-30,0.0076492047934826
2022-08-31,-0.0034459890210473
2022-09-01,0.0074682568948492
2022-09-02,0.0073717251153986
2022-09-06,0.0
2022-09-07,-0.0146344547553202
2022-09-08,0.0074126373230325
2022-09-09,-0.0089696239760499
2022-09-12,0.0
2022-09-13,0.0
2022-09-14,-0.0235238705399745
2022-09-15,0.0
2022-09-16,0.0077068867933618
2022-09-19,-0.0199138733397788
2022-09-20,0.0073732468917835
2022-09-21,0.0074523157659158
2022-09-22,0.0076754412483861
2022-09-23,0.0305616344916408
2022-09-26,0.0262794183216725
2022-09-27,0.0003028373785969
2022-09-28,0.0
2022-09-29,0.0
2022-09-30,-0.0061955675943002
2022-10-03,0.0075573312819015
2022-10-04,0.0
2022-10-05,0.0
2022-10-06,0.0073632926832376
2022-10-07,0.0073980279609753
2022-10-10,0.0075516054277791
2022-10-11,-0.0249997507204179
2022-10-12,0.0074343532686496
2022-10-13,-0.03549216781319
2022-10-14,0.0
2022-10-17,-0.0110560942828431
2022-10-18,0.0
2022-10-19,0.0
2022-10-20,0.0074349213789641
2022-10-21,-0.0141088870377006
2022-10-24,0.0
2022-10-25,0.0072813618068177
2022-10-26,-0.0016864428926678
2022-10-27,0.0
2022-10-28,0.0
2022-10-31,0.0
2022-11-01,0.0
2022-11-02,0.0076401737455782
2022-11-03,-0.0060251404324898
2022-11-04,0.0076116554434446
2022-11-07,0.0075837201431054
2022-11-08,0.0075608723227198
2022-11-09,0.0077597576803376
2022-11-10,-0.0043637351068073
2022-11-11,0.0
2022-11-14,0.0046240943087882
2022-11-15,0.0076307474870895
2022-11-16,0.0073326074016923
2022-11-17,0.0074225629694903
2022-11-18,-0.0220255906007283
2022-11-21,0.007397617483041
2022-11-22,-0.0174183969794493
2022-11-23,0.0
2022-11-25,-0.0005602048193132
2022-11-28,-0.0016631313151798
2022-11-29,-0.012394208205008
2022-11-30,-0.0055557024696254
2022-12-01,0.007522776280403
2022-12-02,-0.0105754346517366
2022-12-05,0.0076264407465296
2022-12-06,0.0075064752276434
2022-12-07,0.0076190689740627
2022-12-08,0.0076789825087395
2022-12-09,0.0074992351240248
2022-12-12,-0.0180084411981614
2022-12-13,0.0
2022-12-14,0.0
2022-12-15,0.0073677497636652
2022-12-16,0.0073845493012938
2022-12-19,0.0075008256922668
2022-12-20,-0.0018246602370523
2022-12-21,0.0074002100822387
2022-12-22,0.0
2022-12-23,-0.0220163455817677
2022-12-27,0.0
2022-12-28,0.0074519615858028
2022-12-29,-0.0219581152896023
2022-12-30,0.0
2023-01-03,0.0
2023-01-04,-0.0138470446778924
2023-01-05,0.0072749377309357
2023-01-06,0.0
2023-01-09,0.0
2023-01-10,0.0
2023-01-11,-0.0072648642978233
2023-01-12,0.0
2023-01-13,0.0
2023-01-17,0.0035881509979331
2023-01-18,0.0075696802764593
2023-01-19,-0.0119903705631507
2023-01-20,-0.0011260663699038
2023-01-23,0.0
2023-01-24,0.0
2023-01-25,0.0073501604164059
2023-01-26,0.0075409133970414
2023-01-27,0.0040480588174545
2023-01-30,0.0077278783310252
2023-01-31,0.0073956825744219
2023-02-01,0.0074098552902306
2023-02-02,-0.0068278336711112
2023-02-03,0.0076598858609033
2023-02-06,0.0074036422105698
2023-02-07,0.0074074502805074
2023-02-08,0.0073575458737689
2023-02-09,0.0074109971615778
2023-02-10,-0.0089678101622304
2023-02-13,0.0010677000461827
2023-02-14,-0.0099238760349655
2023-02-15,-0.0029750435161353
2023-02-16,0.0007945371391846
2023-02-17,0.0076893219454201
2023-02-21,0.0075047063527022
2023-02-22,0.0074638658562424
2023-02-23,0.0074429520398826
2023-02-24,0.0010947574090125
2023-02-27,0.0074851232989152
2023-02-28,0.0075398542039843
2023-03-01,0.0027846805899973
2023-03-02,-0.0143665649674971
2023-03-03,0.0
2023-03-06,-0.0027501213779694
2023-03-07,0.0074130479190546
2023-03-08,0.0074482029315043
2023-03-09,0.007490936173208
2023-03-10,0.0075699805454203
2023-03-13,0.0073782591238851
2023-03-14,0.0073764519111934
2023-03-15,0.0076212597786757
2023-03-16,-0.0186522168635051
2023-03-17,0.0076218213685175
2023-03-20,0.0055934606732495
2023-03-21,-0.0095189767228349
2023-03-22,0.0
2023-03-23,0.0077648764485966
2023-03-24,0.0074303959236092
2023-03-27,-0.0111137050694384
2023-03-28,0.0
2023-03-29,0.0
2023-03-30,0.0
2023-03-31,0.0
2023-04-03,-0.005532762232598
2023-04-04,0.0
2023-04-05,0.0074791637226423
2023-04-06,0.0075272619966955
2023-04-10,0.0008227739745236
2023-04-11,-0.0055525996724227
2023-04-12,0.0035747643155852
2023-04-13,-0.0027755881355282
2023-04-14,-0.0013929664049925
2023-04-17,0.0074459522418459
2023-04-18,0.0074569994279869
2023-04-19,0.0044518850424166
2023-04-20,0.0075579508766383
2023-04-21,-0.004185069712092
2023-04-24,-0.0011252220313344
2023-04-25,0.0075939466126089
2023-04-26,0.0008287158949624
2023-04-27,-0.0097575939635246
2023-04-28,-0.007223627182026
2023-05-01,0.0027687341037969
2023-05-02,0.0076416479912659
2023-05-03,0.003990901020406
2023-05-04,0.0074935640871722
2023-05-05,-0.0073905000191543
2023-05-08,0.0
2023-05-09,-0.0090948464306622
2023-05-10,0.0073664177981838
2023-05-11,0.0073949909545631
2023-05-12,-0.0017191502288749
2023-05-15,0.0
2023-05-16,0.0
2023-05-17,0.0073415499403994
2023-05-18,0.0
2023-05-19,0.0
2023-05-22,0.0029463456439084
2023-05-23,0.0
2023-05-24,0.0075292813916405
2023-05-25,0.0075947142347636
2023-05-26,0.0032575433076003
2023-05-30,0.0074016002452867
2023-05-31,0.0076465709273807
2023-06-01,-0.010397710174637
2023-06-02,-0.0107613574682583
2023-06-05,0.0
2023-06-06,-0.007990511050548
2023-06-07,-0.0127505836737783
2023-06-08,0.0
2023-06-09,0.007708278162426
2023-06-12,0.00747626873508
2023-06-13,0.0075058697519045
2023-06-14,0.0074660365263723
2023-06-15,-0.0123218596886849
2023-06-16,-0.0019242980383376
2023-06-20,0.0074298970675921
2023-06-21,-0.0016693117366479
2023-06-22,0.0074907649635125
2023-06-23,-0.0002950624522546
2023-06-26,-0.0102780238590971
2023-06-27,-0.000291782614772
2023-06-28,-0.0112535676122527
2023-06-29,-0.0070802150809156
2023-06-30,0.0018837465239212
2023-07-03,-0.0075329883891275
2023-07-05,0.0075266070894572
2023-07-06,0.0075825507822939
2023-07-07,-0.0107410634196331
2023-07-10,-0.0021548503898607
2023-07-11,-0.003995918172773
2023-07-12,0.0002485233210085
2023-07-13,-0.004214276740133
2023-07-14,0.0076929176878672
2023-07-17,-0.0026652950886099
2023-07-18,-0.007894524892836
2023-07-19,0.0
2023-07-20,-0.0031359297188873
2023-07-21,0.0005036167073548
2023-07-24,-0.0097640058615456
2023-07-25,0.0048719494733888
2023-07-26,0.0020427682927792
2023-07-27,0.0074983948041618
2023-07-28,-0.0033566778355292
2023-07-31,-0.0051143293670438
2023-08-01,0.0074142602609668
2023-08-02,0.0074836581295587
2023-08-03,0.007476990003655
2023-08-04,0.0075245012080118
2023-08-07,-0.0049132504918235
2023-08-08,-0.0049202012778788
2023-08-09,0.0075068919982024
2023-08-10,0.0074919488254441
2023-08-11,-0.0122832291743077
2023-08-14,0.0074198505376914
2023-08-15,0.0075053897308947
2023-08-16,-0.0031259321219313
2023-08-17,0.0023096860415305
2023-08-18,-0.0148286013210724
2023-08-21,0.0007495739568468
2023-08-22,0.0015159855039719
2023-08-23,0.0074126267848999
2023-08-24,0.0007561039326102
2023-08-25,-0.0015493545084813
2023-08-28,-0.0040814566139903
2023-08-29,-0.0043172919529014
2023-08-30,0.0
2023-08-31,0.0053051639070411
2023-09-01,-0.0077650070149698
2023-09-05,0.0
2023-09-06,0.0076455613997801
2023-09-07,-0.0056037899074119
2023-09-08,0.0015019933401472
2023-09-11,0.0075899658116911
2023-09-12,-0.0070457018074021
2023-09-13,0.0027441218148867
2023-09-14,0.0
2023-09-15,0.0044922891970931
2023-09-18,-0.0062323503736567
2023-09-19,-0.0049533587407289
2023-09-20,0.0
2023-09-21,0.0076375718960637
2023-09-22,0.0074286049562608
2023-09-25,-0.0137682875889036
2023-09-26,0.0074630483815933
2023-09-27,-0.0037159886027882
2023-09-28,-0.0037055450417012
2023-09-29,0.0073929155469554
2023-10-02,0.0075005993214953
2023-10-03,0.0076220153365644
2023-10-04,0.0074486232785888
2023-10-05,-0.011786393736324
2023-10-06,-0.0048640181800584
2023-10-09,-0.0104977666439348
2023-10-10,0.0
2023-10-11,-0.0010083375913445
2023-10-12,0.0074133731365337
2023-10-13,-0.0024730871703289
2023-10-16,-0.0029435544055661
2023-10-17,-0.0034268642905426
2023-10-18,-0.0024396981421096
2023-10-19,-0.0014658706734885
2023-10-20,0.0055792613340415
2023-10-23,0.003418150921185
2023-10-24,0.0014564212727097
2023-10-25,0.0024410039387252
2023-10-26,0.0074094316343447
2023-10-27,0.0074764181622919
2023-10-30,0.0074745276553058
2023-10-31,-0.005974858782468
2023-11-01,0.0073878569397742
2023-11-02,0.0
2023-11-03,0.0
2023-11-06,0.0
2023-11-07,-0.0007411882996032
2023-11-08,0.0076407044232624
2023-11-09,0.0076539405161168
2023-11-10,0.000478482631226
2023-11-13,-0.0024654055819921
2023-11-14,0.0074814329136223
2023-11-15,0.0
2023-11-16,0.0075618893773967
2023-11-17,-0.0196064085008987
2023-11-20,0.0
2023-11-21,-0.0033554555731599
2023-11-22,-0.012345510324827
2023-11-24,-0.0033213667536752
2023-11-27,0.0011701482640538
2023-11-28,0.0018821740929539
2023-11-29,-0.0047109793346328
2023-11-30,0.0
2023-12-01,0.0
2023-12-04,-0.0009392800404536
2023-12-05,0.0074616468766686
2023-12-06,0.0076234431422654
2023-12-07,0.0074492123170464
2023-12-08,0.0040872088103323
2023-12-11,0.0075838858625323
2023-12-12,0.007403579192071
2023-12-13,-0.0139259503145062
2023-12-14,0.0
2023-12-15,0.0
2023-12-18,0.0007109356649084
2023-12-19,-0.0064974646565749
2023-12-20,0.0064948536340485
2023-12-21,-0.0052822243987513
2023-12-22,0.0055194889569021
2023-12-26,0.000944758674382
2023-12-27,0.0011844357871095
2023-12-28,-0.003369011462129
2023-12-29,0.0031051733209979
2024-01-02,0.0074168305421462
2024-01-03,-0.0066664219685603
2024-01-04,0.0076326160509545
2024-01-05,-0.0054735531887197
2024-01-08,0.007367548913765
2024-01-09,0.0073567362887942
2024-01-10,0.0009376967208389
2024-01-11,0.0011750616657917
2024-01-12,-0.0016627089883387
2024-01-16,0.0075554541392128
2024-01-17,0.0076271335185273
2024-01-18,0.0074064487030893
2024-01-19,0.0038279912072776
2024-01-22,-0.012485627308706
2024-01-23,0.0
2024-01-24,0.0006877241128631
2024-01-25,-0.0108624811535328
2024-01-26,0.0
2024-01-29,0.0
2024-01-30,-0.0029584962105828
2024-01-31,0.0075618401218819
2024-02-01,0.0004424133189138
2024-02-02,0.007584207540457
2024-02-05,0.0
2024-02-06,0.0055524002510958
2024-02-07,0.0020723975597933
2024-02-08,-0.0069220248524368
2024-02-09,0.0076023662464868
2024-02-12,-0.0105057837346864
2024-02-13,0.0075972621591617
2024-02-14,-0.0011605909837251
2024-02-15,-0.0197999339548731
2024-02-16,0.0
2024-02-20,0.0
2024-02-21,-0.0028726481197601
2024-02-22,-0.0013181950480597
2024-02-23,-0.0050005173969472
2024-02-26,0.0063277999043089
2024-02-27,-0.0021932315663082
2024-02-28,0.0074687919315759
2024-02-29,-0.0035156593603955
2024-03-01,-0.0093122966123411
2024-03-04,-0.0006645956733168
2024-03-05,-0.0064816657780111
2024-03-06,-0.0081127288565783
2024-03-07,0.001908956835422
2024-03-08,0.0060171063998206
2024-03-11,-0.0015185069853498
2024-03-12,0.0001997222498872
2024-03-13,0.0179795663626983
2024-03-14,0.0299602583933065
2024-03-15,-0.0407068699096199
2024-03-18,-0.0039316905637318
2024-03-19,-0.0227218401697342
2024-03-20,-0.013535787531318
2024-03-21,-0.0002281982867574
2024-03-23,0.0074894653673953
2024-03-25,0.0025487280866569
2024-03-26,0.0052311653602332
2024-03-27,-0.0057972894105442
2024-03-28,-0.0058484872202944
2024-04-02,0.0010497355978462
2024-04-02,-0.0025167235405407
2024-04-04,-0.0039740596514127
2024-04-04,0.0074903742120873
2024-04-08,0.0016608479019837
2024-04-08,-0.0010417344879224
2024-04-09,0.0074898433596211
2024-04-10,0.0132575002021617
2024-04-12,0.0192121272097138
2024-04-14,0.0196984158906798
2024-04-15,0.0299598344121725
2024-04-17,0.0299596856310022
2024-04-18,-0.0272319570946414
2024-04-19,-0.0147500202249007
2024-04-22,-0.0543162536154385
2024-04-22,-0.0062276556534045
2024-05-10,0.0004161574214009
2024-05-11,0.007489906907091
2024-05-13,0.0074896396758581
2024-05-15,-0.0051767035398946
2024-05-28,0.0074899911212871
2024-05-28,0.0074899911212871
2024-05-28,-0.0150106527212861
2024-05-28,-0.005567026076317
2024-05-28,0.0050884659241958
2024-05-28,0.0074902232530282
2024-05-28,0.0091377651259141
2024-05-28,0.0114975026929633
2024-05-29,0.0144553548369268
2024-05-29,0.0175642065253147
2024-05-30,0.0060879494019643
2024-05-31,-0.0471614120690643
2024-06-11,-0.0486125324404201
2024-06-11,0.0074901379134799
2024-06-11,0.0074898860953132
2024-06-11,0.0074902840043975
2024-06-11,-0.010869907684552
2024-06-11,-0.0017328151876155
2024-06-11,-0.0133866843652544
2024-06-11,0.007490281392235
2024-06-12,0.0074902359424322
2024-06-14,0.0066507354893527
2024-06-14,0.0074898819597135
2024-06-17,-0.0087547425885763
2024-06-18,0.0045480909111077
2024-06-21,-0.0027890658522424
2024-07-19,-0.0207413172692796
2024-07-19,-0.0082775376748585
2024-07-19,0.0004354667584658
2024-07-19,0.0
2024-07-19,-0.0064965937658751
2024-07-19,-0.003723503633366
2024-07-19,-0.0038690192233667
2024-07-19,-0.0160998578711945
2024-07-19,0.0210471664650719
2024-07-19,0.0
2024-07-19,-0.0105861041492926
2024-07-19,0.0030636080796848
2024-07-19,0.0019875820291666
2024-07-19,0.0014546688809959
2024-07-19,-0.0052292012153051
2024-07-19,-0.0079823803555566
2024-07-19,0.0085818627860945
2024-07-19,-0.0034440020741405
2024-07-19,0.0111298976209177
2024-07-25,-0.0074260358925066
2024-07-25,0.0164776370188586
2024-07-25,0.0132568301494464
2024-07-26,0.0107854754023757
2024-07-29,-0.0069029959703322
2024-07-29,0.0081271170493038
2024-07-30,0.0074899375838535
2024-07-31,0.0074900492353622
2024-08-01,0.0074897444417276
2024-08-02,0.0074900695906492
2024-08-05,0.0074899735647993
2024-08-06,-0.0067783240762311
2024-08-07,0.0074901705014227
2024-08-08,-0.0117934763185973
2024-08-09,0.0074901452255362
2024-10-28,0.0106732550197219
2024-10-28,0.0145678012625563
2024-10-28,-0.0428588431682998
2024-10-28,-0.008735942551773
2024-10-28,0.0
2024-10-28,-0.0017035523705311
2024-10-28,0.0074900474133834
2024-10-28,0.0
2024-10-28,0.0021381787538401
2024-10-28,-0.0057890041344053
2024-10-28,-0.0027625006837871
2024-10-28,0.0074897516989078
2024-10-28,0.0074895661224085
2024-10-28,-0.0125377384472284
2024-10-28,-0.0082502675890463
2024-10-28,0.0
2024-10-28,0.0029862720627562
2024-10-28,0.0040809373565005
2024-10-28,0.0074901236376205
2024-10-28,0.004955595230998
2024-10-28,-0.0043087791896374
2024-10-28,-0.0029999299667915
2024-10-28,-0.0051330493521308
2024-10-28,-0.0067782106661973
2024-10-28,-0.0004201631633616
2024-10-28,0.0043912768882117
2024-10-28,0.0046035221806068
2024-10-28,0.0074901008638863
2024-10-28,0.0004218404774734
2024-10-28,-0.0097462509602218
2024-10-28,0.0074896656105667
2024-10-28,0.0046261036950245
2024-10-28,0.0074903519934355
2024-10-28,-0.0042790918816119
2024-10-28,-0.0027663737666799
2024-10-28,-0.0080296453590648
2024-10-28,0.0074902201104749
2024-10-28,-0.0046515309640313
2024-10-28,0.0021032848915081
2024-10-28,0.0074901478398341
2024-10-28,0.0074904309666667
2024-10-28,-0.0100086620345698
2024-10-28,-0.0008396296900542
2024-10-28,-0.0031512572268311
2024-10-28,0.0004173226457002
2024-10-28,0.0074899023976655
2024-10-28,-0.0019004775001473
2024-10-28,0.0074898598581054
2024-10-28,-0.0002120521813065
2024-10-28,0.0074903243542105
2024-10-28,-0.0010546453448446
2024-10-28,-0.0030567900022095
2024-10-28,0.0013853144355921
2024-10-28,0.0029020615704333
2024-10-29,0.0010585578681707
2024-10-29,0.0095873744291772
2024-10-30,0.0048406713449038
2024-10-31,0.0088167202766455
2024-11-01,0.0108430490590123
2024-11-04,-0.0085087741800536
2024-11-05,-0.0248796419210324
2024-11-06,-0.0020409912686393
2024-11-08,0.0085764012450968
2024-11-11,0.0
2024-11-12,0.0020510938322197
2024-11-13,0.0092499843169155
2024-11-14,-0.00032281737359
2024-11-14,-0.0095472478453505
2024-11-16,-0.0094772717607677
2024-11-19,-0.0064644994306252
2024-11-20,-0.0043428517339513
2024-11-21,0.0074897620285185
2024-11-22,-0.0076279348369026
2024-11-22,-0.0081030911639098
2024-11-26,0.007489903010549
2024-11-27,-0.0099329803077939
2024-11-28,-0.0114324395472152
2024-12-02,-0.0173089359759576
2024-12-03,0.0
2024-12-04,0.0
2024-12-05,0.0137813564571074
2024-12-06,-0.0080443969248001
2024-12-09,0.0117591832195589
2024-12-09,0.008126352146154
2024-12-11,0.0056925996204932
2024-12-11,-0.0018607317835922
2024-12-12,-0.0012072917917734
2024-12-13,0.0070046917527832
2024-12-17,0.0051305321174841
2024-12-18,0.0071157098302787
2024-12-19,0.0132569210585431
2024-12-19,0.0163654788213534
2024-12-21,-0.0211319582022296
2024-12-23,0.0145681401683623
2024-12-25,-0.0263409683094001
2024-12-27,0.0095497180716388
2024-12-28,-0.0006999392909798
2024-12-31,0.012358599508474
2025-01-01,-0.004488135688949
2025-01-02,-0.0150316143104778
2025-01-03,0.0044219999999999
2025-01-06,0.0042093860946894
2025-01-07,0.0121350319734296
2025-01-08,-0.0297074121599779
2025-01-10,0.0063297400869404
2025-01-13,-0.0072168630220539
2025-01-14,-0.0119639706640205
2025-01-15,0.0012824734761167
2025-01-16,0.0
2025-01-17,-0.0023430829006018
2025-01-21,-0.0211188441763466
2025-01-22,0.0080135546421513
2025-01-23,0.002409233527566
2025-01-24,0.0048565697215856
2025-01-27,0.0025834203744106
2025-01-28,-0.004948043488535
2025-01-29,-0.0004543117280572
2025-01-30,0.0012726510188438
2025-01-31,0.0007490018467126
2025-02-03,-0.0222676739352752
2025-02-04,-0.02227081786895191
