,daily_ret
2001-05-11,0.014575000000000005
2001-05-14,0.0
2001-05-15,0.0023300396717838012
2001-05-16,0.0
2001-05-17,0.0
2001-05-18,0.0
2001-05-21,0.0
2001-05-22,0.0
2001-05-23,0.0140480402462686
2001-05-24,-0.0036539067613761134
2001-05-25,0.01077903990142648
2001-05-29,0.005750424637854135
2001-05-30,0.009391060254436479
2001-05-31,-0.00116094556360391
2001-06-01,-0.0029000397877103623
2001-06-04,0.0
2001-06-05,0.0
2001-06-06,0.0
2001-06-07,-0.010479650678310803
2001-06-08,0.0
2001-06-11,0.004919968701607713
2001-06-12,-0.011554930694358867
2001-06-13,0.012906001290600155
2001-06-14,0.009530341554125688
2001-06-15,-0.002981918035629416
2001-06-18,-0.0011851201371583242
2001-06-19,0.01410129908931479
2001-06-20,0.0
2001-06-21,0.0
2001-06-22,0.0
2001-06-25,0.013935242220068478
2001-06-26,-0.008264554582982808
2001-06-27,0.003291941461666781
2001-06-28,0.0
2001-06-29,0.0
2001-07-02,0.0
2001-07-03,0.0
2001-07-05,0.014095510194971128
2001-07-06,0.014398491551662174
2001-07-09,-0.00845680106175628
2001-07-10,0.014548597750784653
2001-07-11,-0.0030466597285506714
2001-07-12,0.0
2001-07-13,0.0
2001-07-16,0.0
2001-07-17,-0.015457439980384069
2001-07-18,0.0
2001-07-19,0.0
2001-07-20,0.0
2001-07-23,0.014243373434405404
2001-07-24,0.014476674012131374
2001-07-25,-0.005713019544400066
2001-07-26,0.0
2001-07-27,0.0
2001-07-30,0.0
2001-07-31,0.0
2001-08-01,0.0
2001-08-02,0.0
2001-08-03,0.0
2001-08-06,0.008753017240221928
2001-08-07,-0.007449146444576282
2001-08-08,0.01344848946959587
2001-08-09,-0.003923235822812288
2001-08-10,-0.008418414784248762
2001-08-13,0.0
2001-08-14,0.004264142889419009
2001-08-15,0.011639921819562415
2001-08-16,-0.00757690292774349
2001-08-17,0.007188356916623562
2001-08-20,-0.008534389059097869
2001-08-21,0.0
2001-08-22,-0.003973536953450152
2001-08-23,0.0
2001-08-24,0.0
2001-08-27,0.0
2001-08-28,0.013664547600622967
2001-08-29,0.013809776478401536
2001-08-30,0.014141575191240596
2001-08-31,0.0007014911600151663
2001-09-04,0.0007009994151221388
2001-09-05,0.0
2001-09-06,0.0
2001-09-07,0.004692808739886978
2001-09-10,-0.01597613939971443
2001-09-17,-0.016663588488418868
2001-09-18,-0.00539325566577098
2001-09-19,0.014263514998133608
2001-09-20,0.0
2001-09-21,-0.02225499280062282
2001-09-24,-0.014044001512691029
2001-09-25,0.0
2001-09-26,0.0
2001-09-27,0.0
2001-09-28,0.0
2001-10-01,0.0
2001-10-02,0.0
2001-10-03,0.0
2001-10-04,0.0
2001-10-05,0.0
2001-10-08,0.0
2001-10-09,0.0037363204643867665
2001-10-10,0.0
2001-10-11,0.0
2001-10-12,0.0
2001-10-15,0.0
2001-10-16,0.0
2001-10-17,0.014485039319104276
2001-10-18,0.0017070049242571272
2001-10-19,-0.010981067369304043
2001-10-22,0.0
2001-10-23,0.0
2001-10-24,-0.0041259358726507545
2001-10-25,0.0
2001-10-26,0.0
2001-10-29,0.01431016129249607
2001-10-30,0.005680504815675835
2001-10-31,0.00369868406104934
2001-11-01,0.0
2001-11-02,0.0
2001-11-05,0.0
2001-11-06,0.0
2001-11-07,0.0
2001-11-08,0.0
2001-11-09,0.0
2001-11-12,0.0
2001-11-13,-0.0030112157257056182
2001-11-14,0.0
2001-11-15,0.0
2001-11-16,0.0
2001-11-19,-0.004783038386633187
2001-11-20,0.0
2001-11-21,-0.0030003395609760064
2001-11-23,-0.009295073345046756
2001-11-26,0.0
2001-11-27,0.0
2001-11-28,0.013536269951897939
2001-11-29,-0.008445225281088042
2001-11-30,0.0
2001-12-03,0.002477377560892169
2001-12-04,-0.010227140443901828
2001-12-05,0.0
2001-12-06,0.0
2001-12-07,0.0
2001-12-10,0.01062280599373322
2001-12-11,0.010692374798118909
2001-12-12,0.01433420819936404
2001-12-13,0.009012084859177483
2001-12-14,-0.008558870359651194
2001-12-17,0.0
2001-12-18,0.0
2001-12-19,0.0
2001-12-20,0.0
2001-12-21,0.002442742801704867
2001-12-24,0.0
2001-12-26,0.0
2001-12-27,0.0
2001-12-28,0.0
2001-12-31,0.014299293157976622
2002-01-02,-0.006558994315935762
2002-01-03,0.0
2002-01-04,0.0
2002-01-07,0.014081016440144145
2002-01-08,0.0024430690494694485
2002-01-09,0.010548177942295567
2002-01-10,-0.0029450999313812565
2002-01-11,0.005144031199085131
2002-01-14,0.0015642986727617547
2002-01-15,-0.0011535109313249858
2002-01-16,0.006143898273896831
2002-01-17,-0.008373827382804566
2002-01-18,0.0
2002-01-22,0.014463956524678023
2002-01-23,-0.002993531701081076
2002-01-24,0.00340599117808682
2002-01-25,0.0
2002-01-28,0.0015837383131460658
2002-01-29,0.014728628710481528
2002-01-30,-0.015895130649785982
2002-01-31,0.0
2002-02-01,0.0
2002-02-04,0.014683515164470196
2002-02-05,-0.003038430063442399
2002-02-06,0.010081759370631493
2002-02-07,0.011093901492140956
2002-02-08,-0.00959707408606969
2002-02-11,0.0
2002-02-12,0.0
2002-02-13,-0.006641635323922368
2002-02-14,0.0
2002-02-15,0.011797231593770885
2002-02-19,0.01392206521426309
2002-02-20,-0.015109906355480152
2002-02-21,0.014025615962303783
2002-02-22,-0.0068629146031738975
2002-02-25,0.0
2002-02-26,0.0
2002-02-27,0.01471895196228834
2002-02-28,0.008190454106038025
2002-03-01,-0.016709390717989492
2002-03-04,0.0
2002-03-05,0.0
2002-03-06,0.0
2002-03-07,0.0
2002-03-08,0.005139726434425507
2002-03-11,0.0
2002-03-12,-0.005618185120221719
2002-03-13,0.001570214936017278
2002-03-14,0.0033849576209303844
2002-03-15,-0.006514201825392529
2002-03-18,0.007851668014212887
2002-03-19,0.0
2002-03-20,0.014372548526601525
2002-03-21,-0.008402814571075279
2002-03-22,0.0
2002-03-25,0.014563941044316797
2002-03-26,-0.00390824704802617
2002-03-27,-0.0011509481215351558
2002-03-28,-0.005715714034763231
2002-04-01,0.0
2002-04-02,0.005332955595283906
2002-04-03,0.008205510132825555
2002-04-04,-0.0030407926947259023
2002-04-05,0.013875495635939039
2002-04-08,-0.01153191369752804
2002-04-09,0.014041241439415542
2002-04-10,-0.010515090906197067
2002-04-11,0.0
2002-04-12,0.0
2002-04-15,0.008414760528599574
2002-04-16,-0.007750566063245756
2002-04-17,0.0
2002-04-18,-0.0011719721819274387
2002-04-19,0.0
2002-04-22,0.006454559806991611
2002-04-23,0.014232019225790316
2002-04-24,0.010461542157747417
2002-04-25,-0.007962195176318465
2002-04-26,0.014616400927540463
2002-04-29,0.006733797952104492
2002-04-30,-0.011052361046238302
2002-05-01,0.0
2002-05-02,0.0
2002-05-03,0.005783312622154035
2002-05-06,0.01407289894346353
2002-05-07,0.013125927778318891
2002-05-08,-0.018810981778834668
2002-05-09,0.0
2002-05-10,0.013991127934136705
2002-05-13,-0.021056275557670978
2002-05-14,0.0
2002-05-15,0.0
2002-05-16,0.0
2002-05-17,0.0
2002-05-20,0.0
2002-05-21,0.014575938540151823
2002-05-22,-0.010035152077574216
2002-05-23,-0.006064522470200062
2002-05-24,0.013643565540108149
2002-05-28,0.014731802565452146
2002-05-29,0.004814197793935104
2002-05-30,-0.006246322752380573
2002-05-31,0.0068309387565062
2002-06-03,0.014292820120134442
2002-06-04,-0.005357804981527381
2002-06-05,-0.01135479416782914
2002-06-06,0.0
2002-06-07,-0.012707280355803818
2002-06-10,-0.0012551961642596199
2002-06-11,0.014573350012915931
2002-06-12,-0.00857950416816855
2002-06-13,0.005067738165659197
2002-06-14,0.013538178855836414
2002-06-17,-0.016721112493600088
2002-06-18,0.0
2002-06-19,0.014514996452994033
2002-06-20,0.012633381346240258
2002-06-21,0.014025076326111163
2002-06-24,0.013929956839187962
2002-06-25,0.014172916950770498
2002-06-26,-0.029899434309587414
2002-06-27,0.0
2002-06-28,0.0
2002-07-01,0.014279437305341869
2002-07-02,0.014593602538540917
2002-07-03,-0.013787009824389296
2002-07-05,0.0
2002-07-08,0.0
2002-07-09,0.014575895722765075
2002-07-10,0.015101474071326892
2002-07-11,-0.02687135406375607
2002-07-12,0.0138260999319324
2002-07-15,0.013863359747733783
2002-07-16,0.014063565779452114
2002-07-17,0.013915589997352651
2002-07-18,0.014297107247001062
2002-07-19,0.014957486338867287
2002-07-22,0.014003084937227017
2002-07-23,0.01419015274054125
2002-07-24,0.0
2002-07-25,0.0
2002-07-26,0.0
2002-07-29,0.0
2002-07-30,0.0
2002-07-31,0.0
2002-08-01,0.0
2002-08-02,0.01430827213729513
2002-08-05,0.01479806654927307
2002-08-06,-0.0074295778605917295
2002-08-07,0.0
2002-08-08,0.0
2002-08-09,0.0
2002-08-12,0.0
2002-08-13,0.013954710966655126
2002-08-14,-0.03967962377838197
2002-08-15,0.0
2002-08-16,0.0
2002-08-19,0.0
2002-08-20,0.0
2002-08-21,0.014036881169179116
2002-08-22,0.0
2002-08-23,0.0
2002-08-26,0.014117240829769617
2002-08-27,0.014408235522417101
2002-08-28,0.0032356363623560203
2002-08-29,-0.012702518218523973
2002-08-30,-0.0013205414397634563
2002-09-03,0.014102027922869409
2002-09-04,-0.02000483185891433
2002-09-05,-0.004923329646407293
2002-09-06,0.004491791143709234
2002-09-09,0.0
2002-09-10,0.0
2002-09-11,0.0
2002-09-12,0.01388808435088329
2002-09-13,-0.006022552914532797
2002-09-16,-0.010630733129488812
2002-09-17,0.014036726919897768
2002-09-18,0.0034357989339985906
2002-09-19,0.014522568785306333
2002-09-20,0.002276702958147414
2002-09-23,0.002307422014519611
2002-09-24,-0.00894219023884546
2002-09-25,0.014510726282247033
2002-09-26,0.0
2002-09-27,0.0
2002-09-30,-0.004003166229337829
2002-10-01,0.013301782164284903
2002-10-02,0.0
2002-10-03,0.007376347990599719
2002-10-04,0.013932213023474915
2002-10-07,0.014114676031129036
2002-10-08,0.013809428567032711
2002-10-09,0.0
2002-10-10,0.013758449644670545
2002-10-11,0.0
2002-10-14,0.0
2002-10-15,0.0
2002-10-16,0.0
2002-10-17,0.013870585046350081
2002-10-18,0.0
2002-10-21,0.0
2002-10-22,0.0
2002-10-23,-0.01391495467409698
2002-10-24,0.015078163561389912
2002-10-25,-0.02875114912403165
2002-10-28,0.0
2002-10-29,0.013870612548207095
2002-10-30,-0.005959826276949021
2002-10-31,0.013808083993795739
2002-11-01,0.0
2002-11-04,0.0
2002-11-05,0.0
2002-11-06,0.0
2002-11-07,0.0
2002-11-08,0.014830402750334537
2002-11-11,0.013910612596344185
2002-11-12,0.005690770838901127
2002-11-13,-0.007119639493221919
2002-11-14,0.0
2002-11-15,0.0
2002-11-18,0.0
2002-11-19,-0.0024563676966463666
2002-11-20,-0.024928727706689635
2002-11-21,0.0
2002-11-22,0.0
2002-11-25,0.0
2002-11-26,0.014556737437954714
2002-11-27,-0.02006179384354878
2002-11-29,0.0
2002-12-02,0.014294316629291925
2002-12-03,0.002096572998668167
2002-12-04,-0.006935756204542232
2002-12-05,0.0146433104902699
2002-12-06,-0.012667044034672559
2002-12-09,0.007930758439211427
2002-12-10,-0.01271130906509732
2002-12-11,0.0
2002-12-12,0.0032926823440329045
2002-12-13,0.0068749510444210404
2002-12-16,-0.018525507527629936
2002-12-17,0.0
2002-12-18,0.0033643706613168955
2002-12-19,0.0033851153138302337
2002-12-20,0.004534433286272677
2002-12-23,0.0
2002-12-24,0.0
2002-12-26,0.009284236814763203
2002-12-27,0.006982549921454195
2002-12-30,-0.008446739842913886
2002-12-31,0.01410621490064834
2003-01-02,0.0
2003-01-03,0.0
2003-01-06,0.0
2003-01-07,0.0
2003-01-08,0.014785720022695958
2003-01-09,-0.009189279446314758
2003-01-10,0.0
2003-01-13,0.014564725441963855
2003-01-14,0.0
2003-01-15,0.0
2003-01-16,0.014771664006616003
2003-01-17,0.0045171631174432125
2003-01-21,0.014046676746042541
2003-01-22,0.0022330050331067497
2003-01-23,0.014033057608104027
2003-01-24,0.014430706594007248
2003-01-27,0.0035606458544454878
2003-01-28,-0.0038002207652306774
2003-01-29,0.0
2003-01-30,0.0
2003-01-31,-0.013605873549336955
2003-02-03,0.0
2003-02-04,0.0
2003-02-05,0.014686306411338501
2003-02-06,0.0023379778492318426
2003-02-07,0.014873407795422233
2003-02-10,-0.0063358892301121905
2003-02-11,0.0
2003-02-12,0.011191729769775005
2003-02-13,0.013763520239812976
2003-02-14,-0.022356523801905448
2003-02-18,0.0
2003-02-19,0.0
2003-02-20,0.014581199619670082
2003-02-21,-0.008632812101695198
2003-02-24,0.0
2003-02-25,-0.017314989181638207
2003-02-26,0.014815026261703723
2003-02-27,-0.006296119190271177
2003-02-28,0.0
2003-03-03,0.01470822737930666
2003-03-04,0.014896741035685945
2003-03-05,-0.012557001272650359
2003-03-06,0.002367038501723151
2003-03-07,-0.0285942667983623
2003-03-10,0.015083199166745498
2003-03-11,0.006226486388802188
2003-03-12,0.013781441259889338
2003-03-13,0.0
2003-03-14,0.0
2003-03-17,0.0
2003-03-18,0.0
2003-03-19,0.0
2003-03-20,0.0
2003-03-21,0.0
2003-03-24,0.0
2003-03-25,-0.014091512928033678
2003-03-26,0.002198264817634854
2003-03-27,-0.011847386659302517
2003-03-28,0.0
2003-03-31,0.0034681688643360964
2003-04-01,-0.004901306952566853
2003-04-02,0.0
2003-04-03,0.0
2003-04-04,0.0
2003-04-07,0.014933509282647695
2003-04-08,0.002182816204922444
2003-04-09,0.014026087557716949
2003-04-10,-0.0036570717343406
2003-04-11,0.01397653951132627
2003-04-14,0.0
2003-04-15,0.0
2003-04-16,0.0
2003-04-17,-0.017352154525216323
2003-04-21,0.0
2003-04-22,0.0
2003-04-23,0.0
2003-04-24,0.0
2003-04-25,0.014734372443229393
2003-04-28,-0.013632826712926982
2003-04-29,0.0
2003-04-30,0.0
2003-05-01,0.0009892057755249706
2003-05-02,-0.01347082035363667
2003-05-05,0.0
2003-05-06,0.0
2003-05-07,0.0
2003-05-08,-0.0034990325545735113
2003-05-09,-0.0045694410905258165
2003-05-12,0.0
2003-05-13,0.0
2003-05-14,0.014154411764705666
2003-05-15,0.0009535743275723707
2003-05-16,0.0
2003-05-19,0.014515534428428234
2003-05-20,0.014580839662805545
2003-05-21,-0.002397315438657399
2003-05-22,-0.007999880928648229
2003-05-23,0.0
2003-05-27,0.0
2003-05-28,0.0
2003-05-29,0.0
2003-05-30,0.0
2003-06-02,0.0
2003-06-03,0.0
2003-06-04,0.0
2003-06-05,0.0
2003-06-06,0.0
2003-06-09,0.002018713106767711
2003-06-10,-0.0033309723253871493
2003-06-11,0.0
2003-06-12,0.0
2003-06-13,0.01475242656565845
2003-06-16,-0.021936144973987437
2003-06-17,0.0
2003-06-18,0.0
2003-06-19,0.014562184924060917
2003-06-20,0.01038984056251624
2003-06-23,0.004106041106948455
2003-06-24,0.014677806635851498
2003-06-25,0.009481445564696767
2003-06-26,-0.011779211783910615
2003-06-27,0.0
2003-06-30,0.010570656983281523
2003-07-01,-0.01283963697703927
2003-07-02,0.0
2003-07-03,0.0
2003-07-07,-0.008411594407569445
2003-07-08,0.0
2003-07-09,0.007150423257345828
2003-07-10,-0.0011829816794716175
2003-07-11,-0.004302180865913496
2003-07-14,0.009208518012463918
2003-07-15,0.0
2003-07-16,0.004038306676194425
2003-07-17,0.0062172730386187425
2003-07-18,-0.0022287118577145604
2003-07-21,0.007329159177718925
2003-07-22,-0.0022460558522112706
2003-07-23,0.0
2003-07-24,0.014775638448818684
2003-07-25,-0.012719023076247726
2003-07-28,0.0
2003-07-29,0.014711642523916657
2003-07-30,0.007307738508212536
2003-07-31,0.004099480732440597
2003-08-01,0.005202750906994513
2003-08-04,0.013686287139994535
2003-08-05,0.014035323488946316
2003-08-06,0.0
2003-08-07,-0.011924712292233797
2003-08-08,0.0
2003-08-11,0.0
2003-08-12,0.0
2003-08-13,0.0
2003-08-14,0.0
2003-08-15,-0.0011831419248701236
2003-08-18,0.0
2003-08-19,0.0
2003-08-20,0.0
2003-08-21,0.003016482478041649
2003-08-22,0.014627966192042985
2003-08-25,-0.004323493069623097
2003-08-26,-0.0064054162170740225
2003-08-27,0.0
2003-08-28,0.0
2003-08-29,0.0
2003-09-02,0.0
2003-09-03,0.0
2003-09-04,0.0
2003-09-05,0.0
2003-09-08,-0.006177479657459961
2003-09-09,0.0
2003-09-10,0.006041903120780123
2003-09-11,-0.003178209481019989
2003-09-12,0.0
2003-09-15,0.0029268812523053356
2003-09-16,-0.01517857841524195
2003-09-17,0.0
2003-09-18,0.0
2003-09-19,0.0
2003-09-22,-0.0011383224923658952
2003-09-23,-0.004148182386050636
2003-09-24,0.014246988154416274
2003-09-25,0.011270070499598717
2003-09-26,0.0019469726624543604
2003-09-29,-0.003211785136442491
2003-09-30,0.008200004596599086
2003-10-01,-0.014392460363336856
2003-10-02,0.0
2003-10-03,0.0
2003-10-06,0.0
2003-10-07,0.0
2003-10-08,0.0
2003-10-09,0.010929668165643003
2003-10-10,0.0018850572646404995
2003-10-13,0.004887278599347011
2003-10-14,-0.004105069655516602
2003-10-15,0.0
2003-10-16,-0.0050954422583097125
2003-10-17,0.010941785653875824
2003-10-20,-0.002122862704664885
2003-10-21,-0.002109515351433666
2003-10-22,0.0
2003-10-23,0.0
2003-10-24,-0.003173403300095301
2003-10-27,0.002916581126952922
2003-10-28,0.0
2003-10-29,0.0
2003-10-30,0.0
2003-10-31,0.0018736201686828657
2003-11-03,-0.0011125648336087757
2003-11-04,0.0
2003-11-05,-0.00510544336638008
2003-11-06,-0.007052278992963679
2003-11-07,0.0
2003-11-10,0.004886118853297594
2003-11-11,0.0008798947731054607
2003-11-12,-0.011978640791798445
2003-11-13,0.0
2003-11-14,0.0
2003-11-17,-0.001122994630254781
2003-11-18,0.012976026076462865
2003-11-19,-0.011065805310603971
2003-11-20,0.0
2003-11-21,0.003907883243708721
2003-11-24,-0.009034378389077391
2003-11-25,0.0
2003-11-26,0.0
2003-11-28,-0.006052028973506096
2003-12-01,-0.0030607669626399048
2003-12-02,0.0
2003-12-03,0.00874058184878379
2003-12-04,-0.0030597971791583856
2003-12-05,0.0
2003-12-08,-0.0050317984608124755
2003-12-09,0.011739524576954041
2003-12-10,0.0008644820657304209
2003-12-11,-0.011861855389808329
2003-12-12,0.0
2003-12-15,0.014590068770667708
2003-12-16,-0.0020785955506975595
2003-12-17,0.0
2003-12-18,0.0
2003-12-19,0.0
2003-12-22,-0.003985230619330538
2003-12-23,0.0
2003-12-24,0.0
2003-12-26,0.0008376682875173014
2003-12-29,-0.00867096343068452
2003-12-30,0.0
2003-12-31,0.0
2004-01-02,0.008442460558672149
2004-01-05,-0.008572565213975425
2004-01-06,0.0
2004-01-07,0.0
2004-01-08,0.0
2004-01-09,0.0
2004-01-12,-0.0038558314838954555
2004-01-13,0.01397866706401274
2004-01-14,-0.0066393438199597865
2004-01-15,0.0
2004-01-16,0.0
2004-01-20,0.0
2004-01-21,-0.00658133648477488
2004-01-22,0.0
2004-01-23,0.0035772727081520017
2004-01-26,-0.012906719692974966
2004-01-27,0.0
2004-01-28,0.014792721009689425
2004-01-29,-0.0029048723354219153
2004-01-30,0.0017340681440098926
2004-02-02,-0.0019790797363015145
2004-02-03,-0.0019771274479020162
2004-02-04,0.0
2004-02-05,0.002668731551262793
2004-02-06,-0.007478567494407229
2004-02-09,0.0
2004-02-10,-0.002883285271534808
2004-02-11,0.0
2004-02-12,0.0
2004-02-13,0.010940862459727363
2004-02-17,0.000787407847496091
2004-02-18,0.0
2004-02-19,0.014641468772086608
2004-02-20,0.0017160314748911887
2004-02-23,0.00542616454996514
2004-02-24,-0.001972788474192355
2004-02-25,-0.004738382541720099
2004-02-26,0.0017293754436942255
2004-02-27,0.003576387601306852
2004-03-01,-0.007467227215062544
2004-03-02,0.0
2004-03-03,-0.0028938723205000905
2004-03-04,-0.002883602997851842
2004-03-05,-0.007477195427644245
2004-03-08,0.013851843747681336
2004-03-09,0.004552129950286199
2004-03-10,0.01219348566753009
2004-03-11,0.009510898293975112
2004-03-12,-0.004871763268153639
2004-03-15,0.007591742664371459
2004-03-16,0.014268871003701777
2004-03-17,-0.003924185745320052
2004-03-18,0.0
2004-03-19,0.012451952267781285
2004-03-22,0.00576374082331621
2004-03-23,0.0028173259886314916
2004-03-24,-0.001092224220198612
2004-03-25,0.0
2004-03-26,0.0
2004-03-29,0.0
2004-03-30,0.0
2004-03-31,0.0
2004-04-01,-0.004827803156607469
2004-04-02,0.0
2004-04-05,0.0
2004-04-06,0.0
2004-04-07,0.005478338119926596
2004-04-08,0.014873682775278008
2004-04-12,-0.00568416931208815
2004-04-13,0.013967375484592148
2004-04-14,-0.009476482408922626
2004-04-15,0.0008206450462251436
2004-04-16,-0.003839082675851313
2004-04-19,0.0
2004-04-20,0.014058789760466484
2004-04-21,-0.003873446135222447
2004-04-22,-0.014049468173622515
2004-04-23,0.0
2004-04-26,0.0
2004-04-27,0.0008121652915085154
2004-04-28,0.009306405870694201
2004-04-29,0.01408382693793464
2004-04-30,0.012301379450562866
2004-05-03,-0.007670950995584791
2004-05-04,0.0
2004-05-05,-0.003874905995909117
2004-05-06,0.0
2004-05-07,0.00655933596920355
2004-05-10,0.0018062454670328965
2004-05-11,0.002760662783786172
2004-05-12,0.01421351155718531
2004-05-13,0.0008470091554324544
2004-05-14,0.004691403178453291
2004-05-17,-0.005922020504034675
2004-05-18,0.0
2004-05-19,0.014395886700042881
2004-05-20,0.0
2004-05-21,0.0008534927100827261
2004-05-24,0.006632696384494485
2004-05-25,0.0
2004-05-26,0.0
2004-05-27,0.0
2004-05-28,0.0
2004-06-01,-0.005746894398742541
2004-06-02,0.0
2004-06-03,0.006492564749800422
2004-06-04,0.006458248153358159
2004-06-07,0.0
2004-06-08,0.0
2004-06-09,0.0
2004-06-10,0.0
2004-06-14,0.006426828609194413
2004-06-15,0.0017461695406151279
2004-06-16,0.0
2004-06-17,0.001753776210345226
2004-06-18,-0.0038189486621452717
2004-06-21,0.007347000632883738
2004-06-22,-0.004748207282468053
2004-06-23,-0.007464471373063941
2004-06-24,0.0
2004-06-25,0.00640195573008473
2004-06-28,0.009204194213826344
2004-06-29,-0.005664340316607452
2004-06-30,0.0
2004-07-01,0.014858191918194263
2004-07-02,0.0027166074080224867
2004-07-06,0.007484870063615867
2004-07-07,-0.005778085469672289
2004-07-08,0.005613706557068943
2004-07-09,0.0036939505343553947
2004-07-12,-0.003908829309062778
2004-07-13,0.001795583307224069
2004-07-14,0.0
2004-07-15,0.009492844850088611
2004-07-16,0.012419691290742607
2004-07-19,0.0008647188955079876
2004-07-20,-0.008696012717880675
2004-07-21,0.014516778968523214
2004-07-22,-0.003975296848420795
2004-07-23,0.014643798806352804
2004-07-26,0.002855645621343328
2004-07-27,-0.005956959873531953
2004-07-28,0.0
2004-07-29,0.0
2004-07-30,0.0
2004-08-02,-0.0068630106085880715
2004-08-03,0.009664829734845393
2004-08-04,-0.003022993463618562
2004-08-05,0.01477641192110335
2004-08-06,0.007948342985626633
2004-08-09,0.0009094088842251935
2004-08-10,-0.007067439910019457
2004-08-11,0.0
2004-08-12,0.0059362005762684245
2004-08-13,0.0029173885011801737
2004-08-16,-0.006072868581812885
2004-08-17,0.0
2004-08-18,0.0
2004-08-19,0.0
2004-08-20,-0.006933713283103549
2004-08-23,0.004788560321722812
2004-08-24,0.008715756780748762
2004-08-25,-0.003980763105021268
2004-08-26,0.0
2004-08-27,0.0008692242507377657
2004-08-30,0.006731044248985629
2004-08-31,0.0008765610106826749
2004-09-01,-0.003975946685112586
2004-09-02,0.0
2004-09-03,0.0
2004-09-07,0.0
2004-09-08,0.00182731367058242
2004-09-09,0.0018239806857403007
2004-09-10,-0.006774495643951828
2004-09-13,0.0
2004-09-14,-0.0010469620537238988
2004-09-15,0.0037299060914095516
2004-09-16,0.002775356675177143
2004-09-17,0.0
2004-09-20,0.0027783501536358113
2004-09-21,0.0
2004-09-22,0.009609702218586369
2004-09-23,0.004771897851032492
2004-09-24,0.0028314153547044363
2004-09-27,0.004800830537341039
2004-09-28,-0.00398894078789791
2004-09-29,0.0
2004-09-30,0.0
2004-10-01,-0.012522016741436715
2004-10-04,0.0
2004-10-05,0.0
2004-10-06,0.0
2004-10-07,0.011427838028621018
2004-10-08,0.00670004847383554
2004-10-11,0.0008741589292782237
2004-10-12,0.0
2004-10-13,0.007708801017596967
2004-10-14,0.008735878402571506
2004-10-15,0.0008855357537771447
2004-10-18,-0.013696794560150605
2004-10-19,0.010646492339715152
2004-10-20,0.0
2004-10-21,-0.0010648585802609523
2004-10-22,0.014637989467484847
2004-10-25,0.0018800798222224913
2004-10-26,-0.011787606626080471
2004-10-27,0.0
2004-10-28,0.0
2004-10-29,0.0
2004-11-01,0.0037384715764476883
2004-11-02,0.002780465297197887
2004-11-03,0.00746901281780965
2004-11-04,0.0
2004-11-05,0.0
2004-11-08,0.0
2004-11-09,0.0
2004-11-10,0.00083594132790199
2004-11-11,-0.005615028523247578
2004-11-12,0.0
2004-11-15,0.0
2004-11-16,0.0
2004-11-17,0.002647711784754536
2004-11-18,0.0
2004-11-19,0.014667201108998551
2004-11-22,-0.003770183907956026
2004-11-23,0.0017536966612918814
2004-11-24,0.0
2004-11-26,0.0
2004-11-29,0.011955771164903428
2004-11-30,0.0036138459950221247
2004-12-01,-0.010132099917173676
2004-12-02,0.0
2004-12-03,0.0
2004-12-06,0.003552394667803993
2004-12-07,0.011846485304270793
2004-12-08,-0.0046583892266097715
2004-12-09,-0.009161288903905218
2004-12-10,0.0
2004-12-13,0.0
2004-12-14,0.0
2004-12-15,0.0
2004-12-16,0.0
2004-12-17,0.0044430555626366885
2004-12-20,0.00533495440148668
2004-12-21,-0.0027860770395888856
2004-12-22,0.0
2004-12-23,0.0
2004-12-27,0.008901876541783427
2004-12-28,-0.007229878064440087
2004-12-29,0.0
2004-12-30,0.0008058000955659672
2004-12-31,0.0061999621489756684
2005-01-03,0.011665059888770646
2005-01-04,0.014482512847319828
2005-01-05,0.006321959617598294
2005-01-06,-0.0028252084527538024
2005-01-07,0.0017402957011827258
2005-01-10,-0.009167188277676264
2005-01-11,0.0
2005-01-12,-0.0019064383600817525
2005-01-13,0.007257145651978325
2005-01-14,-0.0028229278632030397
2005-01-18,0.0
2005-01-19,0.0
2005-01-20,0.0017547377920386076
2005-01-21,0.009172506985084095
2005-01-24,0.004573069933625495
2005-01-25,0.0008398047000124365
2005-01-26,0.0
2005-01-27,0.0
2005-01-28,0.0026822852662258256
2005-01-31,0.001751176333052662
2005-02-01,0.0
2005-02-02,0.0
2005-02-03,0.0
2005-02-04,-0.009994228454425325
2005-02-07,0.0
2005-02-08,-0.000988644556340068
2005-02-09,0.009020179119469507
2005-02-10,-0.001897637850946321
2005-02-11,-0.007291036518935257
2005-02-14,0.0
2005-02-15,0.0
2005-02-16,0.0
2005-02-17,0.008037030049381721
2005-02-18,-0.002781953460820885
2005-02-22,0.009037822563379816
2005-02-23,-0.002806092586422726
2005-02-24,-0.009075198858601863
2005-02-25,0.0
2005-02-28,0.0
2005-03-01,-0.0009790509300128258
2005-03-02,-0.005431959969510736
2005-03-03,0.002587222383041876
2005-03-04,-0.005385785471357707
2005-03-07,0.0
2005-03-08,0.004350066695274268
2005-03-09,0.00706160041575199
2005-03-10,0.0
2005-03-11,0.008006665401180113
2005-03-14,-0.000981325220368201
2005-03-15,0.010754669541953144
2005-03-16,0.005380422264875229
2005-03-17,0.0017361135216085177
2005-03-18,0.0
2005-03-21,0.0017397576481006372
2005-03-22,0.011885684241111916
2005-03-23,-0.0037509988716375453
2005-03-24,0.003587242067468077
2005-03-28,-0.0009967237220793734
2005-03-29,0.006386327208847797
2005-03-30,-0.010107031147339796
2005-03-31,0.0
2005-04-01,0.01463566532335081
2005-04-04,-0.006478750926725785
2005-04-05,0.0
2005-04-06,0.0
2005-04-07,-0.005501325983691241
2005-04-08,0.0
2005-04-11,0.00447546581169056
2005-04-12,-0.004617916533614874
2005-04-13,0.00907303671166182
2005-04-14,0.008228446589278793
2005-04-15,0.013076070182474142
2005-04-18,-0.0010167705961223739
2005-04-19,0.0
2005-04-20,0.014096685661086239
2005-04-21,-0.00840267505376091
2005-04-22,0.0
2005-04-25,-0.0019273981581403588
2005-04-26,0.0
2005-04-27,-0.008435317688907151
2005-04-28,0.009317619506096442
2005-04-29,-0.005655085892085188
2005-05-02,0.0
2005-05-03,0.0
2005-05-04,0.0
2005-05-05,0.0
2005-05-06,0.010038672218287914
2005-05-09,-0.0037316407551345465
2005-05-10,0.006377036626823873
2005-05-11,-0.007404799850029287
2005-05-12,0.010094820810763405
2005-05-13,0.0036239400631825625
2005-05-16,-0.008334794246705135
2005-05-17,0.0
2005-05-18,0.0
2005-05-19,0.0
2005-05-20,0.0
2005-05-23,-0.0018744280936243696
2005-05-24,0.0008189588173157514
2005-05-25,0.007113670280906925
2005-05-26,-0.0018673538808701151
2005-05-27,0.0
2005-05-31,0.014320391028130208
2005-06-01,-0.008111884633737243
2005-06-02,0.0
2005-06-03,0.0070964661834007625
2005-06-06,-0.0009737767496862393
2005-06-07,0.001713752461150353
2005-06-08,0.00621124772510373
2005-06-09,-0.006332836801842823
2005-06-10,0.0044099207276901975
2005-06-13,-0.0027651617488023694
2005-06-14,0.0
2005-06-15,0.0017124470682301496
2005-06-16,-0.0036422221895024975
2005-06-17,0.0
2005-06-20,0.0
2005-06-21,0.0025954308905276058
2005-06-22,0.0008127381907305775
2005-06-23,0.012568479532813592
2005-06-24,0.00995799651999607
2005-06-27,0.0017473533256560092
2005-06-28,-0.008181538913193842
2005-06-29,0.0
2005-06-30,0.01087257527915697
2005-07-01,0.0
2005-07-05,-0.01178626888229295
2005-07-06,0.0
2005-07-07,-0.011860656568150718
2005-07-08,0.0
2005-07-11,0.0
2005-07-12,0.0
2005-07-13,0.0
2005-07-14,0.0
2005-07-15,0.0
2005-07-18,0.0008076206413925036
2005-07-19,-0.00797702287930635
2005-07-20,0.0
2005-07-21,0.0
2005-07-22,-0.0009525371323416687
2005-07-25,0.0
2005-07-26,0.0
2005-07-27,0.0
2005-07-28,0.0
2005-07-29,0.0
2005-08-01,0.0016684643868301041
2005-08-02,-0.004417021830485424
2005-08-03,0.0
2005-08-04,0.007795270176652158
2005-08-05,0.003437077068312755
2005-08-08,0.00609008755643714
2005-08-09,-0.0044425797526900235
2005-08-10,0.0
2005-08-11,-0.003566837971911152
2005-08-12,0.004311938702862506
2005-08-15,-0.0035734868243731954
2005-08-16,0.01323203258099559
2005-08-17,-0.0018460814922568458
2005-08-18,-0.00184592634141989
2005-08-19,0.0034626594225664054
2005-08-22,0.0016917544914478722
2005-08-23,0.003469278638066564
2005-08-24,0.0070715798665101914
2005-08-25,0.0
2005-08-26,0.0035054296439651633
2005-08-29,-0.012518831622491566
2005-08-30,0.0034978823398050807
2005-08-31,-0.013291341864135942
2005-09-01,0.0
2005-09-02,0.0025848985133887226
2005-09-06,-0.010573673689538321
2005-09-07,0.0
2005-09-08,0.0
2005-09-09,-0.004424360360211432
2005-09-12,0.0
2005-09-13,0.0034244273569083994
2005-09-14,0.005202903674385917
2005-09-15,0.006970249343612567
2005-09-16,-0.0009522478491384989
2005-09-19,0.004324620157179826
2005-09-20,0.008787699766747759
2005-09-21,0.0025997137512967505
2005-09-22,-0.0036305143472035173
2005-09-23,-0.0018516885413378814
2005-09-26,0.005257027533953851
2005-09-27,0.0
2005-09-28,0.0016988562058994905
2005-09-29,-0.010646479217769955
2005-09-30,0.0
2005-10-03,0.0
2005-10-04,0.01417018503013101
2005-10-05,0.014365073618120894
2005-10-06,0.0026380785895470105
2005-10-07,0.0026311374421945644
2005-10-10,0.003552051336675577
2005-10-11,0.005375326531376734
2005-10-12,0.0017515101051563953
2005-10-13,-0.0037186117539346197
2005-10-14,-0.004585088530763448
2005-10-17,0.0
2005-10-18,0.008107319017561343
2005-10-19,-0.02066045464526478
2005-10-20,0.0
2005-10-21,0.005369239501751277
2005-10-24,-0.009919461794364537
2005-10-25,0.0
2005-10-26,0.003531190771608461
2005-10-27,0.012696985982109998
2005-10-28,-0.007274276757316178
2005-10-31,0.0
2005-11-01,0.0
2005-11-02,-0.009851781925138803
2005-11-03,0.0
2005-11-04,0.0
2005-11-07,0.0
2005-11-08,0.0
2005-11-09,0.0008083202296558234
2005-11-10,-0.0079479260389268
2005-11-11,0.0
2005-11-14,0.0
2005-11-15,0.0016725419418186505
2005-11-16,-0.0018173901995512942
2005-11-17,0.0
2005-11-18,0.0
2005-11-21,0.0
2005-11-22,0.0
2005-11-23,0.0
2005-11-25,0.0
2005-11-28,0.007621882197396124
2005-11-29,0.005065786320279875
2005-11-30,0.005958785768859665
2005-12-01,-0.0051748429250727535
2005-12-02,0.0
2005-12-05,0.00333778437436405
2005-12-06,0.0033326175989518703
2005-12-07,0.005057767126732671
2005-12-08,0.0016386791068905282
2005-12-09,0.005057879560161238
2005-12-12,0.0007800114333447183
2005-12-13,-0.004324338012270279
2005-12-14,0.0
2005-12-15,0.0
2005-12-16,0.005015128776172162
2005-12-19,0.007604869900370792
2005-12-20,0.0024870870219650953
2005-12-21,0.0041902657681180955
2005-12-22,-0.0026137751419332833
2005-12-23,0.0
2005-12-27,0.014479577717665615
2005-12-28,-0.0017804688963226623
2005-12-29,0.006801124812372938
2005-12-30,0.0033856115284411903
2006-01-03,-0.011094711421362646
2006-01-04,0.0
2006-01-05,0.0
2006-01-06,0.0
2006-01-09,0.0
2006-01-10,0.0
2006-01-11,-0.0017321731307757826
2006-01-12,0.0
2006-01-13,-0.0025770476764537253
2006-01-17,0.0016030867896956735
2006-01-18,-0.0009132552890616097
2006-01-19,-0.0025819286942923014
2006-01-20,0.014405899002734701
2006-01-23,0.0016309582091720287
2006-01-24,0.0041802358542986084
2006-01-25,0.0050446376341315435
2006-01-26,0.0007786986494546788
2006-01-27,0.0
2006-01-30,0.0
2006-01-31,0.0
2006-02-01,-0.004275081195074026
2006-02-02,0.006720608516126214
2006-02-03,0.0007841231343066468
2006-02-06,0.00163951300701215
2006-02-07,0.005958096146561065
2006-02-08,-0.006041798638842688
2006-02-09,0.0
2006-02-10,-0.001777156211334896
2006-02-13,0.0025052311429585306
2006-02-14,-0.007720866439651863
2006-02-15,0.0
2006-02-16,0.0
2006-02-17,0.0
2006-02-21,0.005861815908280166
2006-02-22,-0.0034358753514965867
2006-02-23,0.0
2006-02-24,0.0
2006-02-27,0.0
2006-02-28,0.007548999270459156
2006-03-01,-0.005955688474811649
2006-03-02,-0.0034368059859255506
2006-03-03,-0.0009137730326032045
2006-03-06,0.005870745888818307
2006-03-07,0.0007819309581686973
2006-03-08,-0.007695015387244597
2006-03-09,0.006743613748641852
2006-03-10,-0.005150037431786658
2006-03-13,0.0
2006-03-14,0.0
2006-03-15,0.0
2006-03-16,0.0
2006-03-17,0.0007623235097251602
2006-03-20,0.0007624431610997462
2006-03-21,0.0066351533428632425
2006-03-22,-0.005902707292272047
2006-03-23,0.0024378554331681013
2006-03-24,-0.0009043567718858281
2006-03-27,0.004117395822786696
2006-03-28,0.006674864600802799
2006-03-29,-0.006763236747134638
2006-03-30,0.0
2006-03-31,0.004124242874553374
2006-04-03,0.009164896801405753
2006-04-04,-0.005092650317261138
2006-04-05,-0.005067668948167792
2006-04-06,0.0
2006-04-07,0.01175397363399
2006-04-10,0.0024582170490750066
2006-04-11,0.007571227648642154
2006-04-12,0.0007809480342748643
2006-04-13,-0.003463049282237618
2006-04-17,0.005899070181541566
2006-04-18,-0.010964244353359964
2006-04-19,0.0
2006-04-20,0.0
2006-04-21,0.004956397876754393
2006-04-24,0.0024523674350465097
2006-04-25,0.005833542439123152
2006-04-26,0.0007733845923703075
2006-04-27,-0.009295021863036879
2006-04-28,-0.0025885534163391233
2006-05-01,0.006699617294712024
2006-05-02,0.0007739196533562698
2006-05-03,0.0033154592658437565
2006-05-04,-0.0025985494301622447
2006-05-05,-0.005087446407854079
2006-05-08,0.0
2006-05-09,0.0
2006-05-10,-0.0009075780728048377
2006-05-11,0.01437532232173333
2006-05-12,0.007670400573568159
2006-05-15,-0.007757245214178088
2006-05-16,0.0042242838468085075
2006-05-17,0.011266995432226867
2006-05-18,0.006938402395604282
2006-05-19,-0.0018121619705117054
2006-05-22,-0.0035712656944497656
2006-05-23,0.014090693048391945
2006-05-24,-0.005318322543351517
2006-05-25,0.0
2006-05-26,0.0
2006-05-30,0.01484636195743283
2006-05-31,-0.006161461502795618
2006-06-01,0.0
2006-06-02,0.0
2006-06-05,0.014819143765982146
2006-06-06,0.003438196332263832
2006-06-07,0.007865548231812847
2006-06-08,-0.0009458060309464056
2006-06-09,0.0034695510403486285
2006-06-12,0.014234665981658345
2006-06-13,0.005347333121236364
2006-06-14,-0.0018521286388276659
2006-06-15,0.0
2006-06-16,0.0
2006-06-19,0.011502481281695065
2006-06-20,0.0026052907883500342
2006-06-21,-0.007990466998540335
2006-06-22,0.0
2006-06-23,-0.0036042864648120343
2006-06-26,-0.0009451279755202657
2006-06-27,0.008841501392943707
2006-06-28,-0.0018341669402652805
2006-06-29,0.0
2006-06-30,0.0
2006-07-03,0.0
2006-07-05,0.0
2006-07-06,-0.0035390820751637353
2006-07-07,0.0025650817558149352
2006-07-10,0.0
2006-07-11,-0.005296626240153923
2006-07-12,0.011389562954221333
2006-07-13,0.007966379526773482
2006-07-14,0.008010769981285026
2006-07-17,0.0008373504426926193
2006-07-18,-0.0018504490855967282
2006-07-19,0.0
2006-07-20,0.0
2006-07-21,0.008899987271391963
2006-07-24,-0.01325012397427705
2006-07-25,0.0
2006-07-26,0.0
2006-07-27,0.01048349641868307
2006-07-28,-0.00700988996404639
2006-07-31,0.0
2006-08-01,0.0025643597210416313
2006-08-02,-0.000928778915335382
2006-08-03,0.0
2006-08-04,0.0068841290005672295
2006-08-07,-0.002670615162182921
2006-08-08,0.005179293058468426
2006-08-09,0.00953768876986305
2006-08-10,-0.007020261918859738
2006-08-11,0.003433812743776299
2006-08-14,0.005166293914338205
2006-08-15,0.0
2006-08-16,0.0
2006-08-17,0.0
2006-08-18,0.0
2006-08-21,0.0
2006-08-22,-0.00260525978968007
2006-08-23,0.0033479216826026725
2006-08-24,-0.0009098264001718981
2006-08-25,-0.0017579907463615152
2006-08-28,-0.0059857249541063196
2006-08-29,0.0
2006-08-30,0.0
2006-08-31,0.002467883135735427
2006-09-01,-0.003408930512300401
2006-09-05,0.0
2006-09-06,0.007554697917216302
2006-09-07,0.0
2006-09-08,-0.0017522033957702021
2006-09-11,-0.006808904747319655
2006-09-12,0.0
2006-09-13,0.0
2006-09-14,0.0
2006-09-15,0.004092619087570304
2006-09-18,0.0016015014323134125
2006-09-19,0.0007718275252768247
2006-09-20,0.0
2006-09-21,0.0
2006-09-22,0.004113633350379731
2006-09-25,-0.003375668698748502
2006-09-26,0.0
2006-09-27,0.0
2006-09-28,0.0
2006-09-29,0.0032301680026465274
2006-10-02,0.004894502694865244
2006-10-03,-0.0008837439610503983
2006-10-04,-0.01714167266757005
2006-10-05,0.0
2006-10-06,0.0
2006-10-09,-0.002500310173882636
2006-10-10,-0.0008720613349805229
2006-10-11,0.0007555269765693318
2006-10-12,-0.0057093966237606875
2006-10-13,0.0
2006-10-16,0.0
2006-10-17,0.000746840987131403
2006-10-18,0.005575354780710029
2006-10-19,-0.0024712919844250836
2006-10-20,0.0
2006-10-23,0.0
2006-10-24,0.0
2006-10-25,-0.004828797541790331
2006-10-26,0.0
2006-10-27,0.003922911127719919
2006-10-30,-0.001654740348532635
2006-10-31,0.0015319283102477321
2006-11-01,0.007964336115410475
2006-11-02,-0.003269437967003963
2006-11-03,0.005571651393062371
2006-11-06,-0.007218753177791526
2006-11-07,0.0
2006-11-08,0.0
2006-11-09,0.010288996797354732
2006-11-10,0.0007367747645157241
2006-11-13,-0.004823822645424247
2006-11-14,-0.004782908691927434
2006-11-15,0.0
2006-11-16,0.0
2006-11-17,0.0
2006-11-20,0.0
2006-11-21,0.001505057435647883
2006-11-22,-0.0008378065793699374
2006-11-24,0.0
2006-11-27,0.014212011682535941
2006-11-28,-0.006368088981921205
2006-11-29,-0.003971454564760335
2006-11-30,0.0
2006-12-01,0.0
2006-12-04,-0.004728765026037918
2006-12-05,0.0
2006-12-06,0.0
2006-12-07,0.007745187133135989
2006-12-08,0.0
2006-12-11,-0.0016155127224101173
2006-12-12,0.0014991760677416366
2006-12-13,0.0038314092816114087
2006-12-14,-0.005459255641023675
2006-12-15,0.0
2006-12-18,0.0
2006-12-19,-0.007008454917845075
2006-12-20,0.0038129062132898905
2006-12-21,0.006161024498088974
2006-12-22,0.006194472265838025
2006-12-26,-0.003952340064329984
2006-12-27,-0.00470244758865912
2006-12-28,0.0
2006-12-29,0.0038371304606519274
2007-01-03,0.014781243947190825
2007-01-04,-0.0031729719139064194
2007-01-05,0.0030683031210223533
2007-01-08,0.0007221146693188185
2007-01-09,0.0022814491139429016
2007-01-10,-0.004727116042104518
2007-01-11,0.0
2007-01-12,0.0
2007-01-16,0.0
2007-01-17,-0.0023642578941633907
2007-01-18,0.00689621889081371
2007-01-19,-0.005450858156018756
2007-01-22,0.0069111085226079005
2007-01-23,-0.001604837221992228
2007-01-24,-0.0046557251561709645
2007-01-25,0.0146683805288923
2007-01-26,0.005381079225298402
2007-01-29,0.0022731078269684346
2007-01-30,-0.003926769468308944
2007-01-31,0.0
2007-02-01,0.0
2007-02-02,0.0
2007-02-05,0.0
2007-02-06,0.003002925957311886
2007-02-07,0.0022339980796359793
2007-02-08,-0.0008209065665477633
2007-02-09,0.007634412845028304
2007-02-12,0.004579994109003893
2007-02-13,-0.002360343961660405
2007-02-14,0.0
2007-02-15,0.0
2007-02-16,0.0
2007-02-20,-0.0046118048386576405
2007-02-21,-0.0023364977792745822
2007-02-22,0.0029842484901982935
2007-02-23,0.0007046129215169117
2007-02-26,0.0037592034200608637
2007-02-27,0.015020874589451338
2007-02-28,-0.0032023269102154917
2007-03-01,-0.011104294364124967
2007-03-02,0.003943005003524291
2007-03-05,0.0031668085406910684
2007-03-06,-0.006395258266876702
2007-03-07,0.0
2007-03-08,0.0
2007-03-09,0.0
2007-03-12,-0.003208034558733197
2007-03-13,0.014398678778868579
2007-03-14,-0.0048395248737563845
2007-03-15,-0.0024405189061561527
2007-03-16,0.003135831986687654
2007-03-19,-0.005580403928496569
2007-03-20,0.0
2007-03-21,0.0
2007-03-22,0.0
2007-03-23,0.0
2007-03-26,-0.0008286126750450817
2007-03-27,0.002268661506662495
2007-03-28,0.003066143264961463
2007-03-29,0.00462000288890696
2007-03-30,0.0015038269823186567
2007-04-02,0.0007228534724619262
2007-04-03,-0.002365160631267682
2007-04-04,0.0
2007-04-05,0.0
2007-04-09,0.0
2007-04-10,-0.0023439099932593965
2007-04-11,0.005310725189648036
2007-04-12,-0.005390343352188798
2007-04-13,0.0
2007-04-16,0.0
2007-04-17,0.0
2007-04-18,0.0
2007-04-19,-0.004560235494375231
2007-04-20,-0.0030368041580626226
2007-04-23,0.0
2007-04-24,0.0036775718982262617
2007-04-25,-0.003012368204198368
2007-04-26,0.0
2007-04-27,0.0
2007-04-30,0.008870108044663816
2007-05-01,-0.0015418683891600393
2007-05-02,-0.0044869585501176035
2007-05-03,0.0
2007-05-04,0.0
2007-05-07,0.0
2007-05-08,-0.0022569705863466627
2007-05-09,-0.0029844876268900755
2007-05-10,0.010327870244805526
2007-05-11,-0.00888398198768725
2007-05-14,-0.0007922043921259059
2007-05-15,0.003638767187940317
2007-05-16,-0.004454438425000817
2007-05-17,0.0
2007-05-18,-0.004423395400575014
2007-05-21,0.0
2007-05-22,0.004315616889729368
2007-05-23,0.0028564070145864484
2007-05-24,0.009494111790502302
2007-05-25,0.0
2007-05-29,-0.0015144399612213588
2007-05-30,0.0
2007-05-31,0.0
2007-06-01,0.0
2007-06-04,0.0
2007-06-05,0.0013837422981703984
2007-06-06,0.004304415999534461
2007-06-07,0.01472488717668119
2007-06-08,-0.011034414340473808
2007-06-11,-0.0015161730991433142
2007-06-12,0.004375255450301596
2007-06-13,-0.008072176579116408
2007-06-14,0.0
2007-06-15,0.0
2007-06-18,0.0
2007-06-19,-0.004368203172240515
2007-06-20,0.014519912275062774
2007-06-21,-0.003675649828365324
2007-06-22,0.006526879098364802
2007-06-25,0.005091727692029924
2007-06-26,0.011047064331743073
2007-06-27,-0.013942360874629411
2007-06-28,0.0
2007-06-29,0.0058005380400472095
2007-07-02,-0.0036823400765446657
2007-07-03,0.0
2007-07-05,0.0
2007-07-06,-0.005079392953275197
2007-07-09,0.0
2007-07-10,0.005741468097143043
2007-07-11,-0.005104332430572289
2007-07-12,0.0
2007-07-13,0.0
2007-07-16,0.0
2007-07-17,0.0034902311196318703
2007-07-18,-0.0021807882624884645
2007-07-19,-0.0007591636391263146
2007-07-20,0.007051977666533649
2007-07-23,0.0
2007-07-24,0.007128423407561479
2007-07-25,0.0028145291557444274
2007-07-26,0.01460733093007538
2007-07-27,0.011885645948766843
2007-07-30,-0.005964822741036269
2007-07-31,0.014914844729035703
2007-08-01,-0.0030255978196728206
2007-08-02,-0.005951357843662741
2007-08-03,0.01430836790533685
2007-08-06,-0.011947270520735964
2007-08-07,0.0
2007-08-08,0.0
2007-08-09,0.0
2007-08-10,-0.007520913756795644
2007-08-13,0.009653386378089657
2007-08-14,0.014370885356255858
2007-08-15,0.006865383300398431
2007-08-16,0.014595299217782465
2007-08-17,0.014298628216058873
2007-08-20,0.0
2007-08-21,0.0
2007-08-22,0.0
2007-08-23,0.0
2007-08-24,0.0
2007-08-27,0.0
2007-08-28,0.014309202084295647
2007-08-29,-0.013419427002066331
2007-08-30,0.0
2007-08-31,0.0
2007-09-04,0.0
2007-09-05,0.0
2007-09-06,-0.0007818652557232131
2007-09-07,0.004403870819789324
2007-09-10,0.005910463611323191
2007-09-11,-0.008871997387095765
2007-09-12,0.0
2007-09-13,0.0
2007-09-14,0.0
2007-09-17,0.0028759564052942554
2007-09-18,0.0
2007-09-19,0.0
2007-09-20,0.0
2007-09-21,0.0027867227728621824
2007-09-24,0.0
2007-09-25,-0.0071559690115429175
2007-09-26,0.0
2007-09-27,0.0
2007-09-28,0.0
2007-10-01,-0.010508782071412703
2007-10-02,0.0
2007-10-03,0.0
2007-10-04,0.000650582028336899
2007-10-05,-0.003526885558034931
2007-10-08,0.0
2007-10-09,-0.006950339872295541
2007-10-10,0.0
2007-10-11,0.014511070526599834
2007-10-12,-0.0048736511433031815
2007-10-15,0.008286840343849411
2007-10-16,0.0020431513566525616
2007-10-17,0.014583624170207976
2007-10-18,-0.0035311134991609094
2007-10-19,0.014916885627476839
2007-10-22,-0.008594268504571012
2007-10-23,-0.0028738501443237308
2007-10-24,0.0
2007-10-25,-0.0014575095036558627
2007-10-26,0.0
2007-10-29,0.0
2007-10-30,0.0
2007-10-31,-0.00764448619017799
2007-11-01,0.014809037688008564
2007-11-02,0.0013611173065966042
2007-11-05,-0.013492572039201178
2007-11-06,-0.00702667870168161
2007-11-07,0.0
2007-11-08,0.014356178249323115
2007-11-09,0.005077954047465694
2007-11-12,0.014742070986276667
2007-11-13,-0.02526349542941575
2007-11-14,0.0
2007-11-15,0.0
2007-11-16,0.01450438528699216
2007-11-19,0.0065783545395958765
2007-11-20,0.014592097927319747
2007-11-21,0.00886675550654048
2007-11-23,-0.004452297222153678
2007-11-26,0.014875590877405642
2007-11-27,-0.007432085949225176
2007-11-28,0.0
2007-11-29,0.0
2007-11-30,0.0
2007-12-03,0.010038107337665192
2007-12-04,0.006479004129475108
2007-12-05,-0.0036153172171319303
2007-12-06,0.0
2007-12-07,0.0
2007-12-10,0.0
2007-12-11,0.015025971997915777
2007-12-12,0.014145497377131555
2007-12-13,-0.006409181184186763
2007-12-14,0.006413989819817667
2007-12-17,0.008699559803726054
2007-12-18,0.014446193029269416
2007-12-19,0.004312938594060123
2007-12-20,0.0028376297373000625
2007-12-21,0.0
2007-12-24,0.0
2007-12-26,0.0
2007-12-27,0.012739365773253741
2007-12-28,0.014138136667205092
2007-12-31,0.00783061555048592
2008-01-02,0.0144168792050412
2008-01-03,0.001403028349614921
2008-01-04,0.014814583222254374
2008-01-07,0.003672960327627317
2008-01-08,0.014286855591308045
2008-01-09,-0.01637037293235677
2008-01-10,0.0
2008-01-11,0.008229384371614135
2008-01-14,-0.0015266177229882327
2008-01-15,0.014473740941035373
2008-01-16,0.0045851638504776915
2008-01-17,0.014977955992849123
2008-01-18,0.014234586288045081
2008-01-22,0.013668577189550613
2008-01-23,0.013560604592938619
2008-01-24,0.0
2008-01-25,0.0
2008-01-28,-0.011112202536619153
2008-01-29,0.0
2008-01-30,0.0
2008-01-31,0.0
2008-02-01,0.0
2008-02-04,0.0
2008-02-05,0.01200817492893802
2008-02-06,0.01457199277307275
2008-02-07,-0.011309039527032994
2008-02-08,-0.0016452972215307282
2008-02-11,0.0
2008-02-12,0.0
2008-02-13,0.0
2008-02-14,0.0
2008-02-15,-0.003989929060349562
2008-02-19,0.010993877129702456
2008-02-20,0.0
2008-02-21,0.0
2008-02-22,0.014089110873071853
2008-02-25,0.0
2008-02-26,0.0
2008-02-27,0.0
2008-02-28,0.0
2008-02-29,0.014213964708877036
2008-03-03,-0.003985470836792793
2008-03-04,-0.0063704343669432895
2008-03-05,-0.003181239460973706
2008-03-06,0.014395383508503778
2008-03-07,0.0032021612272821187
2008-03-10,0.014753672990618139
2008-03-11,-0.01277318698557095
2008-03-12,0.0
2008-03-13,0.0
2008-03-14,0.014526474474264583
2008-03-17,-0.019674101527371146
2008-03-18,-0.020571748496207243
2008-03-19,0.0
2008-03-20,-0.01283622964696518
2008-03-24,0.0
2008-03-25,0.0
2008-03-26,0.0
2008-03-27,0.014234905960643252
2008-03-28,0.011943352255038286
2008-03-31,-0.00401092120582458
2008-04-01,0.0
2008-04-02,0.0
2008-04-03,0.0
2008-04-04,0.0
2008-04-07,0.0
2008-04-08,-0.0038741076013802944
2008-04-09,0.0069065203645135576
2008-04-10,-0.004637949669575314
2008-04-11,0.009329500244531053
2008-04-14,0.0
2008-04-15,0.0015148358177017318
2008-04-16,0.0
2008-04-17,0.0
2008-04-18,0.0
2008-04-21,0.0
2008-04-22,0.0
2008-04-23,-0.0015279462593186244
2008-04-24,0.002201773269138174
2008-04-25,0.0014514314654268112
2008-04-28,0.0
2008-04-29,0.0029547650404360137
2008-04-30,0.008227052892749054
2008-05-01,-0.013367664822631742
2008-05-02,0.0
2008-05-05,0.0
2008-05-06,0.0
2008-05-07,0.01487651684110225
2008-05-08,-0.0015186096541940364
2008-05-09,0.0007094245360508289
2008-05-12,-0.007420769570576802
2008-05-13,0.0
2008-05-14,0.0
2008-05-15,0.0
2008-05-16,0.0
2008-05-19,0.0
2008-05-20,0.0006891996320057547
2008-05-21,0.014723711317180976
2008-05-22,0.0036538340076786024
2008-05-23,0.006674884929031233
2008-05-27,-0.005960980841108188
2008-05-28,-0.004450736924024756
2008-05-29,0.0
2008-05-30,0.0
2008-06-02,0.005872313901522208
2008-06-03,0.014079355785085124
2008-06-04,-0.0022603792187265714
2008-06-05,0.0
2008-06-06,0.0
2008-06-09,-0.004485859491736632
2008-06-10,0.0
2008-06-11,0.012794012118455322
2008-06-12,-0.0007885116775047107
2008-06-13,-0.009677887972854626
2008-06-16,0.0
2008-06-17,0.0
2008-06-18,0.0044657764020090696
2008-06-19,-0.0022789132722651484
2008-06-20,0.014412943432676961
2008-06-23,-0.0015486284636102576
2008-06-24,0.0
2008-06-25,-0.0023091339929177668
2008-06-26,0.014760515530786611
2008-06-27,-0.0015895633653798535
2008-06-30,0.0023016692183350784
2008-07-01,-0.017061043614333582
2008-07-02,0.014982700522813364
2008-07-03,0.014160570529531347
2008-07-07,0.014262474739570985
2008-07-08,-0.009474645298102269
2008-07-09,0.014411479409483174
2008-07-10,-0.011908394198459238
2008-07-11,0.0
2008-07-14,0.014458922233421045
2008-07-15,0.000780370230250238
2008-07-16,-0.01608258562786158
2008-07-17,0.0
2008-07-18,0.0
2008-07-21,0.0007654899997173725
2008-07-22,0.0
2008-07-23,0.0
2008-07-24,0.014503938639363056
2008-07-25,-0.001639660718406044
2008-07-28,0.010543803630125748
2008-07-29,-0.012070439139566624
2008-07-30,0.0
2008-07-31,0.0
2008-08-01,0.006417881607371667
2008-08-04,0.00973852958858723
2008-08-05,-0.01834460766793411
2008-08-06,0.0
2008-08-07,0.0
2008-08-08,-0.0204246992130227
2008-08-11,0.0
2008-08-12,0.0
2008-08-13,-0.003943390938260571
2008-08-14,0.0
2008-08-15,0.0015243989550244308
2008-08-18,0.014159508552763045
2008-08-19,-0.002406860463755489
2008-08-20,-0.003178088693669645
2008-08-21,0.0
2008-08-22,0.0
2008-08-25,0.014194916452900497
2008-08-26,-0.002399202586461757
2008-08-27,-0.007075343506003584
2008-08-28,0.0
2008-08-29,0.0
2008-09-02,0.014296125007180471
2008-09-03,0.0
2008-09-04,0.01475624904637729
2008-09-05,-0.004148055770530568
2008-09-08,0.014600261469338127
2008-09-09,0.0
2008-09-10,-0.0016934953251795948
2008-09-11,0.0
2008-09-12,0.0
2008-09-15,0.0
2008-09-16,-0.03269284117682991
2008-09-17,0.014787015430016925
2008-09-18,0.014396807900759478
2008-09-19,0.0
2008-09-22,0.0
2008-09-23,0.01109608863447642
2008-09-24,0.005104558865682396
2008-09-25,-0.01527192727592419
2008-09-26,0.0
2008-09-29,0.015379541820107479
2008-09-30,0.013927759691781949
2008-10-01,0.0
2008-10-02,0.014727980021182363
2008-10-03,0.014934421423526523
2008-10-06,0.014489274260947482
2008-10-07,0.01526009728242439
2008-10-08,-0.0154614153518291
2008-10-09,0.015337149967474595
2008-10-10,-0.03967476055238994
2008-10-13,0.0
2008-10-14,0.0
2008-10-15,0.0
2008-10-16,-0.0425588658280347
2008-10-17,0.0
2008-10-20,0.0
2008-10-21,0.0
2008-10-22,0.01473964814361639
2008-10-23,0.014540832469633447
2008-10-24,0.0
2008-10-27,0.004787625505274118
2008-10-28,0.0
2008-10-29,0.0
2008-10-30,0.0
2008-10-31,0.0
2008-11-03,0.0
2008-11-04,0.0
2008-11-05,0.0
2008-11-06,0.014476790671703377
2008-11-07,-0.01740262215604227
2008-11-10,0.0
2008-11-11,0.014542086433480206
2008-11-12,0.015279883033986641
2008-11-13,0.013068790277003028
2008-11-14,0.0
2008-11-17,0.005831239718842474
2008-11-18,0.013826044522725622
2008-11-19,0.014550928695288956
2008-11-20,0.015574643848410341
2008-11-21,-0.040223359166432826
2008-11-24,0.0
2008-11-25,0.0
2008-11-26,0.0
2008-11-28,0.0
2008-12-01,0.0
2008-12-02,-0.015269847172572626
2008-12-03,0.0
2008-12-04,0.0
2008-12-05,0.0
2008-12-08,0.0
2008-12-09,0.0
2008-12-10,0.0
2008-12-11,0.0
2008-12-12,-0.02488759923290651
2008-12-15,0.01470715459814853
2008-12-16,0.0
2008-12-17,0.0
2008-12-18,0.0
2008-12-19,0.010081155874867243
2008-12-22,0.01484318324991074
2008-12-23,0.01486029191717897
2008-12-24,0.002258655170162438
2008-12-26,0.0011055280931073774
2008-12-29,0.0
2008-12-30,0.0
2008-12-31,0.0
2009-01-02,0.0
2009-01-05,0.0
2009-01-06,0.0
2009-01-07,0.0
2009-01-08,-0.007596572332518092
2009-01-09,0.01433445388521748
2009-01-12,0.01460916699450765
2009-01-13,-0.005646791212697844
2009-01-14,0.015016576363056755
2009-01-15,0.013764029301626346
2009-01-16,0.014743948371678695
2009-01-20,0.0
2009-01-21,0.013716908204589817
2009-01-22,0.0
2009-01-23,0.0
2009-01-26,0.0
2009-01-27,0.0
2009-01-28,0.0
2009-01-29,0.0
2009-01-30,0.014966687913715138
2009-02-02,-0.010455578655441333
2009-02-03,-0.017033342452621003
2009-02-04,0.0
2009-02-05,0.0
2009-02-06,0.0
2009-02-09,0.0
2009-02-10,0.0
2009-02-11,0.014744626954834583
2009-02-12,-0.01923513804624921
2009-02-13,0.005653579893319938
2009-02-17,0.007055979398405743
2009-02-18,0.014156433478564656
2009-02-19,0.014224128792045487
2009-02-20,-0.009607411196663196
2009-02-23,0.014897840518525385
2009-02-24,-0.026531727060690735
2009-02-25,0.0
2009-02-26,0.014860103785895529
2009-02-27,0.0
2009-03-02,0.014446298544781078
2009-03-03,0.014542014861989916
2009-03-04,-0.011624100414576954
2009-03-05,0.0
2009-03-06,0.01448463877065942
2009-03-09,0.0
2009-03-10,-0.03219956740031582
2009-03-11,0.0
2009-03-12,0.0
2009-03-13,0.0
2009-03-16,0.0
2009-03-17,0.0
2009-03-18,0.0
2009-03-19,0.0
2009-03-20,0.014571265115683518
2009-03-23,0.0
2009-03-24,0.0
2009-03-25,0.0
2009-03-26,0.0
2009-03-27,0.0
2009-03-30,0.014157430204808197
2009-03-31,0.004668323102517746
2009-04-01,0.0
2009-04-02,0.0
2009-04-03,0.0
2009-04-06,0.0
2009-04-07,0.008019455828988997
2009-04-08,-0.007971216138215942
2009-04-09,0.0
2009-04-13,0.0
2009-04-14,0.0
2009-04-15,-0.010081249350255339
2009-04-16,0.0
2009-04-17,0.0
2009-04-20,0.0
2009-04-21,-0.017882790556173922
2009-04-22,0.0
2009-04-23,-0.004481203611350404
2009-04-24,0.0
2009-04-27,0.0
2009-04-28,0.0
2009-04-29,0.0
2009-04-30,0.0
2009-05-01,0.0
2009-05-04,0.0
2009-05-05,0.0
2009-05-06,0.0
2009-05-07,0.0
2009-05-08,-0.00418049149586186
2009-05-11,0.0
2009-05-12,0.0
2009-05-13,0.01395031425637927
2009-05-14,-0.005374200200950696
2009-05-15,0.0031989107100305336
2009-05-18,0.0
2009-05-19,0.0
2009-05-20,0.0
2009-05-21,0.01386180146314997
2009-05-22,0.002112431677167237
2009-05-26,0.0
2009-05-27,0.0
2009-05-28,-0.005251036024130129
2009-05-29,0.0
2009-06-01,0.0
2009-06-02,0.0
2009-06-03,0.0
2009-06-04,-0.002028385907934749
2009-06-05,0.013930569540988813
2009-06-08,0.0
2009-06-09,0.0
2009-06-10,0.01492820593348032
2009-06-11,0.0
2009-06-12,0.0
2009-06-15,0.014186789601508654
2009-06-16,0.014347272208338202
2009-06-17,-0.004127420076221244
2009-06-18,-0.0030925111109542103
2009-06-19,0.008137734177354083
2009-06-22,0.014695117454072815
2009-06-23,0.00417683804690383
2009-06-24,0.0010191853706071896
2009-06-25,0.0
2009-06-26,0.0
2009-06-29,0.0
2009-06-30,0.0
2009-07-01,0.0020139959849614364
2009-07-02,0.014635000045408963
2009-07-06,-0.007353795585045453
2009-07-07,0.01494815060808019
2009-07-08,0.013819950769552003
2009-07-09,0.005289518645118951
2009-07-10,0.0
2009-07-13,0.0
2009-07-14,0.0
2009-07-15,0.0
2009-07-16,0.0
2009-07-17,0.0
2009-07-20,0.0
2009-07-21,0.0
2009-07-22,0.0
2009-07-23,0.0
2009-07-24,0.0
2009-07-27,0.0
2009-07-28,0.0
2009-07-29,-0.001955776857043623
2009-07-30,0.0028499475357541826
2009-07-31,0.0
2009-08-03,0.0
2009-08-04,0.0
2009-08-05,0.006636550506501804
2009-08-06,0.009563928509517483
2009-08-07,0.0009264866791289794
2009-08-10,0.0
2009-08-11,0.005745842614050645
2009-08-12,-0.010479155581031963
2009-08-13,0.0
2009-08-14,0.0
2009-08-17,0.005835833976902238
2009-08-18,-0.005831102387506282
2009-08-19,0.0
2009-08-20,0.0
2009-08-21,0.0
2009-08-24,0.0
2009-08-25,0.0
2009-08-26,0.0
2009-08-27,0.0
2009-08-28,0.008356150856550393
2009-08-31,-0.0009619936043374633
2009-09-01,0.014330695248192082
2009-09-02,-0.0028934592574084705
2009-09-03,-0.0009742840586908219
2009-09-04,0.0
2009-09-08,0.0
2009-09-09,0.0
2009-09-10,0.0
2009-09-11,0.0
2009-09-14,0.0
2009-09-15,0.0
2009-09-16,0.0
2009-09-17,0.0
2009-09-18,0.0
2009-09-21,0.0
2009-09-22,0.0017611631840137587
2009-09-23,0.012589091076046888
2009-09-24,0.014495338628442545
2009-09-25,0.0027125075032943258
2009-09-28,-0.011691776400680087
2009-09-29,0.0
2009-09-30,0.014416952919698911
2009-10-01,0.014778550300267979
2009-10-02,-0.005582129352116549
2009-10-05,-0.008270734772558685
2009-10-06,0.0
2009-10-07,0.0
2009-10-08,0.0
2009-10-09,0.0
2009-10-12,0.0
2009-10-13,0.0
2009-10-14,0.0
2009-10-15,0.0
2009-10-16,0.0
2009-10-19,0.0
2009-10-20,0.014721241772089
2009-10-21,0.003465366593642605
2009-10-22,-0.009528848070150864
2009-10-23,0.014798747592955408
2009-10-26,0.00876551608458187
2009-10-27,0.00350281162470667
2009-10-28,0.01435336860455827
2009-10-29,-0.011484194648515134
2009-10-30,0.0144573928675229
2009-11-02,-0.002718767999929539
2009-11-03,-0.008989290252670146
2009-11-04,0.0
2009-11-05,0.0
2009-11-06,0.0
2009-11-09,0.0
2009-11-10,0.0
2009-11-11,0.0
2009-11-12,0.0
2009-11-13,-0.004298140158420671
2009-11-16,0.0
2009-11-17,0.0
2009-11-18,0.0
2009-11-19,0.005106840745306762
2009-11-20,-0.001737803008583838
2009-11-23,-0.0008686469895399229
2009-11-24,0.0
2009-11-25,0.0
2009-11-27,0.0
2009-11-30,-0.0025874071453838576
2009-12-01,-0.00677777740736607
2009-12-02,0.0
2009-12-03,0.011923126336020662
2009-12-04,0.014421204377272234
2009-12-07,0.0025343367532397743
2009-12-08,0.0034213694304556785
2009-12-09,-0.0043050066431957745
2009-12-10,0.0
2009-12-11,0.0
2009-12-14,0.0
2009-12-15,0.0
2009-12-16,0.0016726331463075006
2009-12-17,0.004259888196569861
2009-12-18,-0.0051096530974734655
2009-12-21,0.0
2009-12-22,0.0
2009-12-23,0.0
2009-12-24,0.0
2009-12-28,0.0
2009-12-29,0.0
2009-12-30,-0.0025081942604470164
2009-12-31,0.01085720964890502
2010-01-04,-0.005795893078165082
2010-01-05,0.0
2010-01-06,0.0
2010-01-07,-0.002495972273066971
2010-01-08,-0.007409421092000601
2010-01-11,0.0
2010-01-12,0.002464470670197949
2010-01-13,-0.00823097564228259
2010-01-14,-0.0057493712416382126
2010-01-15,0.009912331294930743
2010-01-19,-0.012275105237700479
2010-01-20,0.01405134920834139
2010-01-21,0.01431194100153732
2010-01-22,0.014646770874948922
2010-01-25,0.00341602288401055
2010-01-26,-0.0008816374024444018
2010-01-27,-0.006881213336047964
2010-01-28,0.014800295139211217
2010-01-29,0.01499714296262633
2010-02-01,-0.008715118902671515
2010-02-02,0.0
2010-02-03,0.0
2010-02-04,0.015090660056219285
2010-02-05,0.014151850916875874
2010-02-08,0.008001500536991113
2010-02-09,-0.0026553342519376466
2010-02-10,0.0
2010-02-11,-0.01308534087274238
2010-02-12,0.0
2010-02-16,-0.0068863241525929375
2010-02-17,0.0
2010-02-18,0.0
2010-02-19,0.0
2010-02-22,0.005927396216041547
2010-02-23,0.008578200588801543
2010-02-24,-0.004285417856654594
2010-02-25,-0.01198454431963314
2010-02-26,0.0008341124324144911
2010-03-01,-0.007607810125713099
2010-03-02,0.0
2010-03-03,0.0
2010-03-04,-0.0008574200231503681
2010-03-05,0.0
2010-03-08,0.0
2010-03-09,-0.004970119213809521
2010-03-10,-0.0041250145495347335
2010-03-11,-0.005748121470025569
2010-03-12,0.0
2010-03-15,0.0
2010-03-16,-0.003272069249571241
2010-03-17,0.0
2010-03-18,0.0
2010-03-19,0.0
2010-03-22,-0.012156087290522755
2010-03-23,-0.004847385133821436
2010-03-24,0.0
2010-03-25,0.008082494504916715
2010-03-26,0.003223482505416042
2010-03-29,-0.000826857081143495
2010-03-30,0.0
2010-03-31,0.0007872383373612735
2010-04-01,0.0007821217782280065
2010-04-05,0.0
2010-04-06,0.0
2010-04-07,0.003979385225324705
2010-04-08,-0.0071914694405782464
2010-04-09,-0.0039824183402729085
2010-04-12,0.0
2010-04-13,-0.003182487730990058
2010-04-14,-0.004722510537239155
2010-04-15,0.0
2010-04-16,0.014241391643662116
2010-04-19,-0.005549543355249487
2010-04-20,-0.002373378193281428
2010-04-21,0.0
2010-04-22,-0.010184140303707734
2010-04-23,-0.006241373551940099
2010-04-26,0.0
2010-04-27,0.014309598638114984
2010-04-28,0.0007710695901668174
2010-04-29,-0.0023735571817632417
2010-04-30,0.014321572949473449
2010-05-03,-0.007112308602703843
2010-05-04,0.014518808434591524
2010-05-05,-0.003272211019944904
2010-05-06,0.015079671016577922
2010-05-07,0.014521466193259336
2010-05-10,-0.002472594409091755
2010-05-11,0.0
2010-05-12,0.0
2010-05-13,0.0
2010-05-14,0.01413503177860509
2010-05-17,0.01413472675804206
2010-05-18,0.014301682595386778
2010-05-19,0.0016773620457877225
2010-05-20,0.014958046580869189
2010-05-21,-0.027021524948334985
2010-05-24,0.005257662585146372
2010-05-25,-0.027234654934429448
2010-05-26,0.014151778233144396
2010-05-27,-0.013729085250960948
2010-05-28,0.0
2010-06-01,0.0052664165486762116
2010-06-02,-0.020637967562911808
2010-06-03,0.0
2010-06-04,0.0
2010-06-07,0.014290338496903088
2010-06-08,-0.008884608473821998
2010-06-09,0.014252257083643638
2010-06-10,-0.013871353767476724
2010-06-11,0.0
2010-06-14,0.0
2010-06-15,0.0
2010-06-16,0.0
2010-06-17,0.0
2010-06-18,0.0008191257076870517
2010-06-21,0.01430193589663542
2010-06-22,0.014510232133943868
2010-06-23,0.0034111245716552663
2010-06-24,0.011304070315834247
2010-06-25,0.0008506108935650847
2010-06-28,0.004339967552599688
2010-06-29,0.014408023569411066
2010-06-30,0.008177996883652616
2010-07-01,0.014579515663797116
2010-07-02,0.008231003476696808
2010-07-06,0.014566832003440222
2010-07-07,0.0
2010-07-08,0.0
2010-07-09,0.0
2010-07-12,0.0
2010-07-13,0.0
2010-07-14,0.0
2010-07-15,0.0
2010-07-16,0.01490705041730811
2010-07-19,-0.002632888782738041
2010-07-20,0.0
2010-07-21,0.01481631886343493
2010-07-22,-0.010264850376854873
2010-07-23,0.0
2010-07-26,0.0
2010-07-27,0.0
2010-07-28,0.005067259614545128
2010-07-29,0.014462417197812716
2010-07-30,-0.010238362483132257
2010-08-02,-0.007516986805142567
2010-08-03,0.0
2010-08-04,0.0
2010-08-05,0.0
2010-08-06,-0.006689212003851974
2010-08-09,-0.002502967813050816
2010-08-10,-0.001685618980194148
2010-08-11,0.01111244808519185
2010-08-12,-0.008645311426454194
2010-08-13,0.0008496796234211956
2010-08-16,-0.007809467430947792
2010-08-17,-0.00514127953061605
2010-08-18,0.0
2010-08-19,0.014700086237610543
2010-08-20,-0.0017550795185623524
2010-08-23,0.008708236473458975
2010-08-24,0.003531731844113928
2010-08-25,-0.010627344911850578
2010-08-26,0.01156889686400997
2010-08-27,0.01401689872444356
2010-08-30,0.0
2010-08-31,-0.0026884411910403916
2010-09-01,-0.014734840504674773
2010-09-02,0.0
2010-09-03,0.0
2010-09-07,0.0
2010-09-08,-0.004258267631003676
2010-09-09,0.0
2010-09-10,-0.0042225740580691395
2010-09-13,0.0
2010-09-14,0.0
2010-09-15,0.0
2010-09-16,0.0
2010-09-17,0.002455627557360174
2010-09-20,0.0
2010-09-21,0.0
2010-09-22,0.0016136932161487927
2010-09-23,-0.0032986557552321383
2010-09-24,-0.008062244951901443
2010-09-27,0.0
2010-09-28,0.0
2010-09-29,0.0
2010-09-30,0.014532719960695273
2010-10-01,0.004011483995146392
2010-10-04,0.005677963850424073
2010-10-05,-0.010383459069363998
2010-10-06,0.0
2010-10-07,0.007182112408921748
2010-10-08,-0.005572601473282313
2010-10-11,0.0
2010-10-12,-0.005550993192608655
2010-10-13,0.0
2010-10-14,0.0
2010-10-15,0.0
2010-10-18,0.0
2010-10-19,0.0
2010-10-20,-0.007799181185231374
2010-10-21,0.0
2010-10-22,0.0
2010-10-25,0.0
2010-10-26,0.0
2010-10-27,-0.0038725753814952135
2010-10-28,0.0038371226359279476
2010-10-29,-0.001557229080861755
2010-11-01,0.0030544821684936885
2010-11-02,-0.0022988693509119473
2010-11-03,0.0
2010-11-04,0.0
2010-11-05,0.0
2010-11-08,0.0
2010-11-09,0.008221685737108686
2010-11-10,-0.003748793507691306
2010-11-11,0.0
2010-11-12,0.006821065859630382
2010-11-15,0.0068419440059304115
2010-11-16,0.01469932579382327
2010-11-17,-0.0015638494821380577
2010-11-18,-0.0061051060009392755
2010-11-19,0.0
2010-11-22,0.0
2010-11-23,0.0
2010-11-24,-0.00982833247444903
2010-11-26,0.0
2010-11-29,-0.004583588620136636
2010-11-30,-0.0015523826269989716
2010-12-01,-0.00677401080640605
2010-12-02,0.0
2010-12-03,0.0
2010-12-06,0.0
2010-12-07,0.011860510820280057
2010-12-08,-0.001497798605446632
2010-12-09,0.0036779846761301194
2010-12-10,0.0
2010-12-13,0.0
2010-12-14,0.0
2010-12-15,0.0
2010-12-16,-0.005149318649806389
2010-12-17,0.0
2010-12-20,0.0
2010-12-21,0.0
2010-12-22,0.0
2010-12-23,0.0007103052221093531
2010-12-27,-0.003659029344012299
2010-12-28,0.0007107717947523184
2010-12-29,-0.0007442476696499778
2010-12-30,0.0007102700989609634
2010-12-31,0.0
2011-01-03,-0.0007400110190057818
2011-01-04,0.0
2011-01-05,-0.008663033248962337
2011-01-06,0.0
2011-01-07,0.00359752344682307
2011-01-10,-0.004355820355270157
2011-01-11,0.0007032505192239302
2011-01-12,0.0
2011-01-13,0.0
2011-01-14,-0.005719429525986142
2011-01-18,0.0
2011-01-19,0.0
2011-01-20,0.0007005738397536376
2011-01-21,0.00862138730138673
2011-01-24,-0.008588575514677288
2011-01-25,0.0
2011-01-26,0.0
2011-01-27,0.0
2011-01-28,0.014453700937784308
2011-01-31,-0.005042259150756845
2011-02-01,-0.007099527510155523
2011-02-02,0.0
2011-02-03,0.0
2011-02-04,0.0
2011-02-07,0.0
2011-02-08,0.0
2011-02-09,0.0
2011-02-10,-0.006985943869475153
2011-02-11,0.0
2011-02-14,0.0
2011-02-15,0.0
2011-02-16,-0.002776410984552391
2011-02-17,0.0
2011-02-18,0.0
2011-02-22,0.009111261699513928
2011-02-23,0.006351338751791946
2011-02-24,-0.0007248436060268704
2011-02-25,-0.007005432799026878
2011-02-28,0.0
2011-03-01,0.014833502338623905
2011-03-02,-0.004950339276616589
2011-03-03,-0.007634791175410327
2011-03-04,0.0
2011-03-07,0.01473909851741717
2011-03-08,-0.0049053511062078226
2011-03-09,-0.0007178106143932439
2011-03-10,0.0071147108408786686
2011-03-11,-0.010640306840164926
2011-03-14,-0.0007298605214903775
2011-03-15,-0.015135954013684172
2011-03-16,0.014677023914932974
2011-03-17,0.0028891762650142816
2011-03-18,0.009409275414159257
2011-03-21,0.0
2011-03-22,0.0
2011-03-23,0.0
2011-03-24,0.0
2011-03-25,0.0
2011-03-28,0.0
2011-03-29,-0.00978656841706782
2011-03-30,0.0
2011-03-31,0.0
2011-04-01,0.0
2011-04-04,0.0
2011-04-05,0.0
2011-04-06,0.003437687190791072
2011-04-07,0.0
2011-04-08,0.0076211861504955625
2011-04-11,0.003461874211114324
2011-04-12,0.0027875048635428445
2011-04-13,0.0006819479356914293
2011-04-14,-0.007005238783093004
2011-04-15,-0.002107855912046097
2011-04-18,-0.0014239273481452264
2011-04-19,-0.004215946248143143
2011-04-20,-0.0034584782051751972
2011-04-21,0.0
2011-04-25,0.0
2011-04-26,0.0
2011-04-27,0.0
2011-04-28,0.0
2011-04-29,0.0
2011-05-02,0.0
2011-05-03,0.0020038412686940177
2011-05-04,0.0054095973731045355
2011-05-05,0.002032995492342593
2011-05-06,0.006108965275888334
2011-05-09,-0.004759499559128799
2011-05-10,0.0
2011-05-11,0.008802038543057833
2011-05-12,-0.008777044940712964
2011-05-13,0.008807789033973945
2011-05-16,0.004089486931962094
2011-05-17,-0.004126552428962649
2011-05-18,-0.008842360107387481
2011-05-19,0.0
2011-05-20,0.0
2011-05-23,-0.0007070615915770739
2011-05-24,0.004813282798519003
2011-05-25,-0.006206909970619345
2011-05-26,-0.007541264910281842
2011-05-27,0.0
2011-05-31,0.0
2011-06-01,0.014455115796281781
2011-06-02,0.0013609141564936422
2011-06-03,-0.0014120076483072896
2011-06-06,0.007014456529238267
2011-06-07,0.005612251173472194
2011-06-08,0.0028116124762160855
2011-06-09,-0.004233294093735629
2011-06-10,0.011402943220875317
2011-06-13,0.004265499077879875
2011-06-14,-0.004942994062726802
2011-06-15,0.008572300383445253
2011-06-16,0.0006994710366097223
2011-06-17,0.007130661288033746
2011-06-20,-0.009255707471774177
2011-06-21,0.0
2011-06-22,0.0
2011-06-23,-0.011987798621583612
2011-06-24,0.012107807622647737
2011-06-27,-0.010602495740949958
2011-06-28,0.0
2011-06-29,0.0
2011-06-30,0.0
2011-07-01,0.0
2011-07-05,0.0
2011-07-06,0.0
2011-07-07,0.0
2011-07-08,0.0
2011-07-11,0.006080109021468605
2011-07-12,0.0033888739176195504
2011-07-13,0.0013408364772384829
2011-07-14,0.0109338711989162
2011-07-15,-0.002051914305170488
2011-07-18,0.0027136434040262447
2011-07-19,-0.012741696811082281
2011-07-20,0.0
2011-07-21,-0.005335844548626789
2011-07-22,0.0
2011-07-25,0.0
2011-07-26,0.00198560958055638
2011-07-27,0.014297275729656223
2011-07-28,0.0013493899674625887
2011-07-29,-0.004137491901666679
2011-08-01,0.014485925978881653
2011-08-02,0.014855991127497692
2011-08-03,0.014048085180783598
2011-08-04,0.01473295397492591
2011-08-05,0.014743632088440428
2011-08-08,0.014886027004887614
2011-08-09,0.014269871881733787
2011-08-10,0.0
2011-08-11,-0.02942685571171355
2011-08-12,0.0
2011-08-15,0.0
2011-08-16,0.0
2011-08-17,0.003679650347933938
2011-08-18,0.014666972145472634
2011-08-19,0.002344983512760024
2011-08-22,0.014885742672501534
2011-08-23,0.0
2011-08-24,0.0
2011-08-25,0.0
2011-08-26,-0.023166176272315542
2011-08-29,0.0
2011-08-30,0.0
2011-08-31,0.0
2011-09-01,0.0
2011-09-02,0.007458167664788684
2011-09-06,-0.02250265790267758
2011-09-07,-0.011711443197277682
2011-09-08,0.0
2011-09-09,0.014366533157761818
2011-09-12,-0.01881230135305434
2011-09-13,-0.008199944214385635
2011-09-14,0.0
2011-09-15,0.0
2011-09-16,0.0
2011-09-19,0.0
2011-09-20,0.005763963439985087
2011-09-21,0.014830944621301745
2011-09-22,0.014531876783116848
2011-09-23,-0.011448278512380838
2011-09-26,0.014183835745333218
2011-09-27,0.0
2011-09-28,0.0
2011-09-29,0.014290878799015028
2011-09-30,0.013111689464253118
2011-10-03,0.01425919051621416
2011-10-04,-0.031894934704929656
2011-10-05,0.0
2011-10-06,0.0
2011-10-07,0.0
2011-10-10,0.0
2011-10-11,0.0
2011-10-12,0.0
2011-10-13,0.0
2011-10-14,0.0
2011-10-17,0.0
2011-10-18,-0.014249951543628958
2011-10-19,0.014435228671053402
2011-10-20,0.014403427084284548
2011-10-21,-0.004975911981229708
2011-10-24,0.0
2011-10-25,0.0
2011-10-26,0.014118155321461323
2011-10-27,0.0
2011-10-28,0.0
2011-10-31,0.0
2011-11-01,-0.0021654615124260257
2011-11-02,0.0006921918450242259
2011-11-03,0.0
2011-11-04,0.0
2011-11-07,-0.006256141351256406
2011-11-08,0.0
2011-11-09,0.014188802569428116
2011-11-10,0.014089434599475759
2011-11-11,-0.008318611460956804
2011-11-14,0.0
2011-11-15,-0.010387894581033397
2011-11-16,0.0
2011-11-17,0.014280813225372002
2011-11-18,0.0057157706871848735
2011-11-21,0.002905020818925186
2011-11-22,-0.0014765407816006437
2011-11-23,0.01193452501105341
2011-11-25,0.0007357014030411335
2011-11-28,-0.004381208258430247
2011-11-29,0.0
2011-11-30,0.0
2011-12-01,0.0
2011-12-02,0.0
2011-12-05,0.0
2011-12-06,0.0
2011-12-07,0.0
2011-12-08,0.01482560463303706
2011-12-09,-0.011844114825741436
2011-12-12,0.0
2011-12-13,0.014220240801800177
2011-12-14,0.008631045622524924
2011-12-15,0.007180016558680391
2011-12-16,0.005014473666781871
2011-12-19,0.011563261250244539
2011-12-20,-0.014087891222695936
2011-12-21,0.0
2011-12-22,0.0
2011-12-23,0.0
2011-12-27,0.0
2011-12-28,0.010496955350605797
2011-12-29,-0.0055729385762776085
2011-12-30,0.0
2012-01-03,0.004813426290053213
2012-01-04,0.0
2012-01-05,0.0
2012-01-06,0.002052162660703294
2012-01-09,0.000674853398691333
2012-01-10,0.0020366163858211994
2012-01-11,0.0
2012-01-12,0.0
2012-01-13,-0.0034406245099412036
2012-01-17,0.002714522041681544
2012-01-18,0.0
2012-01-19,0.0
2012-01-20,0.0
2012-01-23,-0.0013587456573042056
2012-01-24,-0.005397174965525053
2012-01-25,-0.010000362190821344
2012-01-26,0.0
2012-01-27,-0.002689578991603714
2012-01-30,-0.008045969399106956
2012-01-31,0.0046742573215234895
2012-02-01,0.0
2012-02-02,0.0
2012-02-03,0.0
2012-02-06,0.0
2012-02-07,0.0
2012-02-08,0.0
2012-02-09,0.0
2012-02-10,0.0
2012-02-13,-0.001315324491796277
2012-02-14,0.0
2012-02-15,0.0
2012-02-16,-0.009086880541320452
2012-02-17,0.0
2012-02-21,0.0
2012-02-22,0.0
2012-02-23,-0.005168898861472537
2012-02-24,0.0
2012-02-27,0.0
2012-02-28,-0.0038481295290874185
2012-02-29,0.0
2012-03-01,-0.0019300556780285083
2012-03-02,0.0
2012-03-05,0.0019122645475524447
2012-03-06,0.0019373059888567745
2012-03-07,-0.0026032143403955654
2012-03-08,-0.0038627860227568034
2012-03-09,0.0
2012-03-12,0.0
2012-03-13,0.0
2012-03-14,0.0
2012-03-15,0.0
2012-03-16,0.0
2012-03-19,0.0
2012-03-20,0.0
2012-03-21,0.0006112928017205643
2012-03-22,-0.0019023802792029754
2012-03-23,-0.0006426347813337507
2012-03-26,-0.007448986299652294
2012-03-27,0.0
2012-03-28,0.0
2012-03-29,-0.005005014517709849
2012-03-30,0.0024726791339313436
2012-04-02,0.0
2012-04-03,0.0
2012-04-04,0.0012314334077370148
2012-04-05,-0.004989750106978552
2012-04-09,-0.0025255322948224412
2012-04-10,0.014643343531808739
2012-04-11,0.004423960337823107
2012-04-12,-0.010665830043947833
2012-04-13,0.0
2012-04-16,0.009526641118272394
2012-04-17,-0.010026247142615796
2012-04-18,0.0
2012-04-19,0.0075749107114060354
2012-04-20,0.00377554335664132
2012-04-23,-0.0006513986327575383
2012-04-24,-0.0006505680522135293
2012-04-25,-0.005639076768745643
2012-04-26,0.0
2012-04-27,0.0
2012-04-30,0.0
2012-05-01,-0.003731928436052856
2012-05-02,-0.00496782151108266
2012-05-03,0.008094807908258339
2012-05-04,0.011399442861782738
2012-05-07,-0.004452974243511321
2012-05-08,-0.001924071592728227
2012-05-09,-0.003860495659082863
2012-05-10,0.005103758041271833
2012-05-11,-0.003855487999696927
2012-05-14,0.0006318275092953574
2012-05-15,0.003230091266558377
2012-05-16,0.007146951468274043
2012-05-17,0.014544583376767894
2012-05-18,0.012660416683708542
2012-05-21,-0.01767151247801757
2012-05-22,0.0
2012-05-23,0.0
2012-05-24,0.0
2012-05-25,0.003909774679115907
2012-05-29,-0.001955938588925954
2012-05-30,0.0
2012-05-31,0.00459078081795683
2012-06-01,0.008071873143218333
2012-06-04,-0.0020300578797211033
2012-06-05,-0.0073767281732771695
2012-06-06,0.0
2012-06-07,0.0
2012-06-08,0.0
2012-06-11,0.014468889395625517
2012-06-12,-0.00717992966675618
2012-06-13,0.0
2012-06-14,-0.006515593971021416
2012-06-15,0.0
2012-06-18,0.0
2012-06-19,0.0
2012-06-20,0.0
2012-06-21,0.014959097307504221
2012-06-22,-0.003245965592112876
2012-06-25,0.005235310550504524
2012-06-26,-0.0013211112726277952
2012-06-27,-0.005198554478353046
2012-06-28,0.0
2012-06-29,0.0
2012-07-02,0.0
2012-07-03,0.0
2012-07-05,0.0
2012-07-06,0.0
2012-07-09,-0.0012846789406582015
2012-07-10,0.014729207180674608
2012-07-11,0.0019103519306933325
2012-07-12,-0.002589454055848428
2012-07-13,-0.012077154780964161
2012-07-16,0.0
2012-07-17,-0.0019103434578732204
2012-07-18,0.0
2012-07-19,0.0
2012-07-20,0.0
2012-07-23,-0.004461034316902479
2012-07-24,0.014728884242165563
2012-07-25,0.001270532606804986
2012-07-26,-0.0019112997778601981
2012-07-27,0.0
2012-07-30,0.0
2012-07-31,0.0
2012-08-01,0.006239824557365825
2012-08-02,0.0
2012-08-03,-0.003105868165660497
2012-08-06,0.0
2012-08-07,0.0
2012-08-08,0.0
2012-08-09,-0.001856560241672467
2012-08-10,-0.004918699194527032
2012-08-13,-0.0024648931556742193
2012-08-14,0.0036599767841056785
2012-08-15,-0.0018487125715246355
2012-08-16,-0.0060815174993918975
2012-08-17,0.0
2012-08-20,0.0
2012-08-21,0.006068559768491744
2012-08-22,-0.004266688539472874
2012-08-23,0.004878629146209956
2012-08-24,-0.008524143885112023
2012-08-27,0.0
2012-08-28,-0.0024441139358840624
2012-08-29,0.0005933591246767289
2012-08-30,0.0030476337316083235
2012-08-31,0.0012046515484163134
2012-09-04,0.0005960241654572318
2012-09-05,0.0024308246551565382
2012-09-06,-0.011417916420649932
2012-09-07,0.0
2012-09-10,0.0
2012-09-11,0.0
2012-09-12,0.0
2012-09-13,0.0
2012-09-14,0.0
2012-09-17,0.0
2012-09-18,0.0
2012-09-19,0.0005740535454044071
2012-09-20,-0.00413406403104033
2012-09-21,0.004697069871357096
2012-09-24,-0.002375417684454928
2012-09-25,0.01191104733313919
2012-09-26,0.005384705282050595
2012-09-27,-0.007139665555983887
2012-09-28,0.0
2012-10-01,0.0029636925641676193
2012-10-02,0.0029621752432495985
2012-10-03,-0.0017921755407089845
2012-10-04,0.0
2012-10-05,0.0
2012-10-08,0.0011714542885545853
2012-10-09,0.009571869080378104
2012-10-10,0.006017441533049839
2012-10-11,0.007223438762098855
2012-10-12,0.002401660389185656
2012-10-15,-0.00600521718580993
2012-10-16,0.0
2012-10-17,0.0
2012-10-18,0.0
2012-10-19,0.014539645556934211
2012-10-22,-0.0024347825459962724
2012-10-23,0.003667321947860236
2012-10-24,0.007371037893843191
2012-10-25,0.004900409222327484
2012-10-26,-0.000627193576854812
2012-10-31,0.004900572409707982
2012-11-01,-0.008523597907547975
2012-11-02,0.014727929829644326
2012-11-05,-0.004299638012769336
2012-11-06,-0.0036650268198943348
2012-11-07,0.014272308383283416
2012-11-08,0.013840119192896516
2012-11-09,-0.0037817099328488757
2012-11-12,0.002496415613622016
2012-11-13,-0.0031574542073034007
2012-11-14,0.014636026671273727
2012-11-15,0.0025413132082690026
2012-11-16,-0.004457152973357914
2012-11-19,0.0
2012-11-20,0.0
2012-11-21,0.0
2012-11-23,0.0
2012-11-26,0.0
2012-11-27,0.0030676758954526484
2012-11-28,-0.01223744186276654
2012-11-29,0.0
2012-11-30,0.0
2012-12-03,0.009778748664272863
2012-12-04,0.0012133931368103479
2012-12-05,0.003674724280347208
2012-12-06,-0.004908420580808537
2012-12-07,0.0030451513833711363
2012-12-10,-0.001846487848357392
2012-12-11,-0.00364905834328344
2012-12-12,0.0
2012-12-13,0.005484630468182816
2012-12-14,0.0024456942119821523
2012-12-17,-0.008527986339296079
2012-12-18,0.0
2012-12-19,0.0
2012-12-20,-0.0030321298941707875
2012-12-21,-0.005490441247949507
2012-12-24,-0.0006230951246440908
2012-12-26,0.007967341235526337
2012-12-27,0.0012148599337200583
2012-12-28,0.004955995993192408
2012-12-31,-0.018914142543957846
2013-01-02,0.0
2013-01-03,0.0
2013-01-04,0.0
2013-01-07,-0.0012049185742223356
2013-01-08,0.0
2013-01-09,-0.0006082834243507085
2013-01-10,-0.001195772084707225
2013-01-11,0.0
2013-01-14,0.0
2013-01-15,-0.002388296926062905
2013-01-16,-0.0023840394830398903
2013-01-17,-0.0011916230983674003
2013-01-18,0.0
2013-01-22,0.0
2013-01-23,0.0
2013-01-24,0.0
2013-01-25,-0.001765462118238359
2013-01-28,0.0029106935869425143
2013-01-29,-0.005260882863464045
2013-01-30,0.002910540910900705
2013-01-31,0.0023341603594895233
2013-02-01,-0.002338724539879933
2013-02-04,0.0
2013-02-05,-0.0058337009253647265
2013-02-06,0.0
2013-02-07,0.0011508576954244454
2013-02-08,-0.004059192426444924
2013-02-11,0.0
2013-02-12,0.0005653575602737604
2013-02-13,0.001142752792280266
2013-02-14,-0.002901657282840975
2013-02-15,0.0005640375050528501
2013-02-19,-0.005743699980318762
2013-02-20,0.012761536856458422
2013-02-21,0.004080209794786294
2013-02-22,-0.004068764668620828
2013-02-25,0.014718631851000419
2013-02-26,-0.0035216242382115626
2013-02-27,0.0
2013-02-28,0.0
2013-03-01,-0.007514409624783447
2013-03-04,0.0
2013-03-05,0.0
2013-03-06,0.0
2013-03-07,0.0
2013-03-08,0.000552410440034734
2013-03-11,-0.003959016122541348
2013-03-12,0.0
2013-03-13,-0.0005778309109792934
2013-03-14,-0.0016994426503580407
2013-03-15,0.0
2013-03-18,-0.006231341782266586
2013-03-19,0.003952580412452056
2013-03-20,-0.0017005552978174299
2013-03-21,0.0
2013-03-22,-0.005077763930316115
2013-03-25,0.0067619403964611635
2013-03-26,-0.005052267592614013
2013-03-27,0.0
2013-03-28,-0.0039216265584210985
2013-04-01,0.004473289183538398
2013-04-02,-0.002244205729768911
2013-04-03,0.009547471443965172
2013-04-04,-0.0011355361262518349
2013-04-05,-0.006223995413088601
2013-04-08,-0.005624998888076549
2013-04-09,0.0
2013-04-10,0.0
2013-04-11,0.0
2013-04-12,0.0
2013-04-15,0.014625695920175819
2013-04-16,-0.008882177181721906
2013-04-17,0.0
2013-04-18,0.010769264436301329
2013-04-19,-0.00787794258365837
2013-04-22,0.0
2013-04-23,0.0
2013-04-24,0.0
2013-04-25,-0.0011157786204024633
2013-04-26,0.0
2013-04-29,-0.004399007394806587
2013-04-30,0.0
2013-05-01,0.006050451560551284
2013-05-02,-0.0071088840347443005
2013-05-03,0.0
2013-05-06,0.0
2013-05-07,0.0
2013-05-08,0.0
2013-05-09,0.0
2013-05-10,-0.003738619285789002
2013-05-13,0.0
2013-05-14,0.0
2013-05-15,0.0
2013-05-16,0.0
2013-05-17,-0.004715314875544996
2013-05-20,0.0
2013-05-21,-0.002102141925199752
2013-05-22,0.014203375178200472
2013-05-23,-0.007408912228847431
2013-05-24,-0.004770145582697061
2013-05-28,0.005766662764784991
2013-05-29,0.0036961175048140227
2013-05-30,-0.002653084042331888
2013-05-31,0.011222115987542969
2013-06-03,-0.0016106218939024863
2013-06-04,0.00640715332526165
2013-06-05,0.011386808288159411
2013-06-06,-0.008623981929112512
2013-06-07,0.0
2013-06-10,0.0
2013-06-11,0.0
2013-06-12,0.014620451436697879
2013-06-13,-0.014969916830717911
2013-06-14,0.0
2013-06-17,-0.0010792284808063268
2013-06-18,0.0
2013-06-19,0.01339057553305012
2013-06-20,0.014295640866835546
2013-06-21,0.0032783097282538254
2013-06-24,0.0033223603063030627
2013-06-25,0.0005379076997318322
2013-06-26,-0.002193639871902908
2013-06-27,0.0
2013-06-28,0.0
2013-07-01,0.0
2013-07-02,0.0
2013-07-03,-0.0054152552996094006
2013-07-05,0.0
2013-07-08,0.0
2013-07-09,0.0
2013-07-10,0.0
2013-07-11,0.0
2013-07-12,0.0
2013-07-15,0.0
2013-07-16,0.0025885846946895885
2013-07-17,0.001024988952246897
2013-07-18,-0.002600586030853891
2013-07-19,-0.002602020680333439
2013-07-22,0.0005039237617205927
2013-07-23,0.005692516181125651
2013-07-24,0.006736638142312623
2013-07-25,-0.0036375002481624508
2013-07-26,-0.005183172024806115
2013-07-29,0.0
2013-07-30,0.0005047465996119715
2013-07-31,0.0030958450633014056
2013-08-01,-0.0025755256678738903
2013-08-02,0.0
2013-08-05,0.0
2013-08-06,0.002040484426054201
2013-08-07,0.0015343997792856001
2013-08-08,0.002042732004843284
2013-08-09,0.0010181808493672229
2013-08-12,-0.004138255293361426
2013-08-13,-0.0015535066740484105
2013-08-14,0.005149756601327882
2013-08-15,0.006276279705605736
2013-08-16,0.001563708181804735
2013-08-19,0.0026258835797412505
2013-08-20,-0.0015897842888824565
2013-08-21,0.002099213828785418
2013-08-22,-0.006291998878603766
2013-08-23,0.0
2013-08-26,0.0
2013-08-27,0.006363242209422193
2013-08-28,-0.003190443667455023
2013-08-29,-0.004240779750087409
2013-08-30,0.005822545098800758
2013-09-03,0.0036812823719645227
2013-09-04,0.0
2013-09-05,0.0
2013-09-06,0.0
2013-09-09,-0.007247242760741401
2013-09-10,0.0
2013-09-11,0.0
2013-09-12,0.0
2013-09-13,-0.0010376984479173457
2013-09-16,0.0061095853373664966
2013-09-17,0.0
2013-09-18,0.0
2013-09-19,0.0
2013-09-20,0.0
2013-09-23,0.004544044078834242
2013-09-24,0.001509500116468665
2013-09-25,0.004062798329697692
2013-09-26,-0.0025465199823537787
2013-09-27,-0.0015375583282306593
2013-09-30,-0.004609019946941961
2013-10-01,-0.0076070940728886205
2013-10-02,0.0
2013-10-03,0.009203298889311817
2013-10-04,-0.00611003100231311
2013-10-07,0.0010129834002448046
2013-10-08,0.014546806014488212
2013-10-09,0.004151739988394576
2013-10-10,-0.010200663534220777
2013-10-11,0.0
2013-10-14,0.0
2013-10-15,0.0
2013-10-16,-0.006515603756530708
2013-10-17,0.0
2013-10-18,0.0
2013-10-21,0.0
2013-10-22,0.0
2013-10-23,0.0
2013-10-24,-0.0014817253247115802
2013-10-25,-0.002935065428498307
2013-10-28,0.0
2013-10-29,0.0
2013-10-30,0.0
2013-10-31,0.0019385274188996604
2013-11-01,0.0009605728433705885
2013-11-04,0.0009577176041910551
2013-11-05,-0.001470978008267787
2013-11-06,0.0019261777369530275
2013-11-07,0.014735866858175406
2013-11-08,-0.010691812271114265
2013-11-11,0.0
2013-11-12,-0.0014681326168394238
2013-11-13,-0.0134867343431887
2013-11-14,0.0
2013-11-15,0.0
2013-11-18,0.0
2013-11-19,0.0019065469429886406
2013-11-20,0.004801777865138357
2013-11-21,-0.005743197807345002
2013-11-22,0.0
2013-11-25,0.0
2013-11-26,-0.0014351884321929242
2013-11-27,0.0
2013-11-29,0.006159593224714932
2013-12-02,0.003306213726049778
2013-12-03,0.00046309790328846745
2013-12-04,-0.003818274166313418
2013-12-05,0.0023726709500662135
2013-12-06,-0.001428317402014323
2013-12-09,0.0
2013-12-10,0.0
2013-12-11,0.010965084464255925
2013-12-12,0.003822475533824976
2013-12-13,0.0038225458822056524
2013-12-16,-0.0009656984970080051
2013-12-17,0.0
2013-12-18,0.0
2013-12-19,0.0
2013-12-20,0.0
2013-12-23,0.0
2013-12-24,0.0
2013-12-26,0.0
2013-12-27,0.0
2013-12-30,0.0004498795521870047
2013-12-31,-0.003693665013308367
2014-01-02,0.005558294649889994
2014-01-03,0.004640619642189536
2014-01-06,0.006523064338366469
2014-01-07,-0.00325449864634364
2014-01-08,0.0
2014-01-09,0.0027640158699593353
2014-01-10,-0.00047351035348364157
2014-01-13,0.014487024776851376
2014-01-14,-0.010625304536668656
2014-01-15,0.0
2014-01-16,0.0
2014-01-17,0.002755098795923505
2014-01-21,0.0013644947100570626
2014-01-22,0.0
2014-01-23,0.004606674789994658
2014-01-24,0.014616533630059214
2014-01-27,0.01424559926180824
2014-01-28,-0.003795897648379065
2014-01-29,0.0023803917222764426
2014-01-30,-0.0033166111807096943
2014-01-31,0.0
2014-02-03,0.014557472143163608
2014-02-04,-0.004340399762198688
2014-02-05,-0.0014574040387060894
2014-02-06,-0.01047225738668578
2014-02-07,0.0
2014-02-10,0.0
2014-02-11,0.0
2014-02-12,0.0
2014-02-13,0.0
2014-02-14,0.0
2014-02-18,0.0
2014-02-19,0.0
2014-02-20,-0.005488586300001819
2014-02-21,0.0
2014-02-24,-0.004548975065391203
2014-02-25,0.0
2014-02-26,0.002713823306844665
2014-02-27,-0.008137835246612046
2014-02-28,0.0
2014-03-03,-0.000920242208648725
2014-03-04,-0.006267253102167358
2014-03-05,0.0
2014-03-06,0.0
2014-03-07,0.004906966936950807
2014-03-10,-0.0004592948528067131
2014-03-11,0.005824877517437654
2014-03-12,-0.004950993863699571
2014-03-13,0.014545815016591801
2014-03-14,0.0022721941921051148
2014-03-17,-0.004082220467758635
2014-03-18,0.0
2014-03-19,0.007666165740427333
2014-03-20,-0.005409814757014297
2014-03-21,0.011300039016498786
2014-03-24,0.01456661235680956
2014-03-25,0.000896212018775655
2014-03-26,0.013729896033217504
2014-03-27,0.0036666985487945336
2014-03-28,-0.0009270967645013117
2014-03-31,-0.0022798323313184543
2014-04-01,0.0
2014-04-02,0.0
2014-04-03,0.0
2014-04-04,0.014620157463892669
2014-04-07,0.00785892304014002
2014-04-08,-0.004162322733665347
2014-04-09,-0.01137457018345256
2014-04-10,0.0
2014-04-11,0.005646001042237447
2014-04-14,0.0
2014-04-15,-0.004653775458040688
2014-04-16,0.0
2014-04-17,0.0
2014-04-21,0.0
2014-04-22,0.0
2014-04-23,0.0
2014-04-24,0.004070207491376765
2014-04-25,0.006863003120924915
2014-04-28,0.0013598825096179379
2014-04-29,-0.0018293676329442787
2014-04-30,0.0
2014-05-01,0.0
2014-05-02,0.0027060245318268894
2014-05-05,-0.0072280506333303185
2014-05-06,0.008181692950465669
2014-05-07,-0.0009185820706677505
2014-05-08,0.0
2014-05-09,-0.003635809390102218
2014-05-12,0.0
2014-05-13,0.0
2014-05-14,0.004038937601648085
2014-05-15,0.007257915173293439
2014-05-16,-0.0036274454460836214
2014-05-19,-0.007204822263353616
2014-05-20,0.005418262020132847
2014-05-21,-0.0067340966524566115
2014-05-22,0.0
2014-05-23,0.0
2014-05-27,0.0
2014-05-28,0.0
2014-05-29,-0.003961801816591559
2014-05-30,0.0
2014-06-02,-0.0008868848491120351
2014-06-03,-0.00132586379264088
2014-06-04,-0.0035106396246584737
2014-06-05,-0.005221668122864953
2014-06-06,0.0
2014-06-09,0.0
2014-06-10,-0.001306681744104865
2014-06-11,-0.000877208740664881
2014-06-12,0.00741512768940078
2014-06-13,0.00042456557276882023
2014-06-16,-0.0026245522749219763
2014-06-17,-0.003054611237394922
2014-06-18,-0.006916323013435033
2014-06-19,0.0
2014-06-20,0.0012809523288221936
2014-06-23,0.0017133971332290443
2014-06-24,0.0038879336897734706
2014-06-25,-0.009046785174795513
2014-06-26,0.0
2014-06-27,-0.0043050141253720975
2014-06-30,0.0
2014-07-01,-0.005119926913667472
2014-07-02,0.0
2014-07-03,0.0
2014-07-07,0.0
2014-07-08,0.0064096084875904236
2014-07-09,-0.0021410145114916235
2014-07-10,-0.007710076029498691
2014-07-11,-0.0025711852067118457
2014-07-14,-0.0008598165506503719
2014-07-15,0.0
2014-07-16,0.002536044478774535
2014-07-17,0.01031502468444212
2014-07-18,-0.008503857728396569
2014-07-21,0.0
2014-07-22,-0.0012827913440239813
2014-07-23,0.0
2014-07-24,0.0
2014-07-25,0.0021123493002264127
2014-07-28,0.0008382701233327072
2014-07-29,0.005536376525549613
2014-07-30,0.0029707083919534583
2014-07-31,0.012591257345290874
2014-08-01,-0.0008827963355904078
2014-08-04,-0.004340375070107427
2014-08-05,0.004353190593353595
2014-08-06,-0.006127321634158078
2014-08-07,0.009650109557467923
2014-08-08,-0.009563933027176619
2014-08-11,0.0
2014-08-12,0.0
2014-08-13,-0.0051704376598941115
2014-08-14,0.0
2014-08-15,0.0
2014-08-18,-0.0033967809509741764
2014-08-19,0.0
2014-08-20,0.0
2014-08-21,0.0
2014-08-22,0.0
2014-08-25,0.0
2014-08-26,0.0
2014-08-27,0.001657832681050353
2014-08-28,-0.003353136966106174
2014-08-29,0.00040539255525295914
2014-09-02,0.0008210351157946771
2014-09-03,0.005416060570196279
2014-09-04,0.0037555372794080277
2014-09-05,-0.005007148810389328
2014-09-08,0.0016557815358000383
2014-09-09,0.005441162663256227
2014-09-10,-0.005432620717657044
2014-09-11,-0.003764418034043149
2014-09-12,0.003761779671744625
2014-09-15,0.0037763330159827913
2014-09-16,-0.010862275666468912
2014-09-17,0.0
2014-09-18,0.0
2014-09-19,0.0
2014-09-22,0.006261612560124918
2014-09-23,0.0012494820697768194
2014-09-24,-0.0087542090124052
2014-09-25,0.014394516734124618
2014-09-26,-0.008400458833595303
2014-09-29,-0.007994552318683179
2014-09-30,0.0037793405354293874
2014-10-01,0.014530360594697145
2014-10-02,-0.00043893661239147175
2014-10-03,-0.0033925418537199548
2014-10-06,0.0
2014-10-07,0.011600632838910219
2014-10-08,-0.017324601811683493
2014-10-09,0.0
2014-10-10,0.014405158572448284
2014-10-13,0.01468078982063381
2014-10-14,0.003988527232958061
2014-10-15,0.014292876910351415
2014-10-16,-0.015215577175240691
2014-10-17,0.000430306555901927
2014-10-20,0.0
2014-10-21,0.0
2014-10-22,0.0
2014-10-23,0.0
2014-10-24,0.0
2014-10-27,0.0
2014-10-28,0.0
2014-10-29,0.0
2014-10-30,0.0
2014-10-31,0.0
2014-11-03,0.0
2014-11-04,0.0
2014-11-05,0.003260659493285356
2014-11-06,-0.003676967657436747
2014-11-07,0.0
2014-11-10,-0.0028520465387141813
2014-11-11,0.0
2014-11-12,-0.004061410468288229
2014-11-13,0.00039343531502678
2014-11-14,0.0
2014-11-17,-0.0008215710877146343
2014-11-18,-0.006446971732993467
2014-11-19,0.0
2014-11-20,-0.00564687477722714
2014-11-21,0.005196540095379287
2014-11-24,0.0
2014-11-25,0.0
2014-11-26,-0.0023950878825975686
2014-11-28,0.0
2014-12-01,0.005202762558013108
2014-12-02,-0.0051984364759396495
2014-12-03,-0.0016018068684418019
2014-12-04,0.0
2014-12-05,0.0
2014-12-08,0.005188546889030032
2014-12-09,-0.01160161339204746
2014-12-10,0.01461547118601203
2014-12-11,-0.0008196389464856235
2014-12-12,0.007784522325315901
2014-12-15,0.014450445877693952
2014-12-16,0.005418939015056967
2014-12-17,-0.01679320008619467
2014-12-18,0.0
2014-12-19,0.0
2014-12-22,0.0
2014-12-23,0.0
2014-12-24,0.000385610631332467
2014-12-26,-0.0011963885090388038
2014-12-29,0.0
2014-12-30,0.004756381976986246
2014-12-31,0.013637459016901499
2015-01-02,0.004408159254089883
2015-01-05,0.010188080774830022
2015-01-06,0.01440418692333445
2015-01-07,-0.00650625155748652
2015-01-08,0.0
2015-01-09,0.0
2015-01-12,0.009693309805103745
2015-01-13,0.014564005950632453
2015-01-14,-0.006923701182092068
2015-01-15,0.01436857618926779
2015-01-16,-0.012991922746062978
2015-01-20,0.0
2015-01-21,0.0
2015-01-22,0.0
2015-01-23,0.0
2015-01-26,0.0
2015-01-27,0.0036183198973633868
2015-01-28,0.014635480197838335
2015-01-29,-0.008467591838493438
2015-01-30,0.008564347263743555
2015-02-02,0.014147524926254595
2015-02-03,0.0
2015-02-04,0.0
2015-02-05,-0.006356695764133002
2015-02-06,0.0
2015-02-09,0.0011935698722806976
2015-02-10,-0.005950469183519491
2015-02-11,0.0
2015-02-12,0.0
2015-02-13,0.0
2015-02-17,0.0
2015-02-18,0.0
2015-02-19,0.0
2015-02-20,-0.008477909232649794
2015-02-23,0.0
2015-02-24,-0.000778167455567802
2015-02-25,-0.0003945637344991981
2015-02-26,-0.001545231511697387
2015-02-27,0.002685955742982804
2015-03-02,-0.006891068962143421
2015-03-03,0.0
2015-03-04,-0.0007811489980183994
2015-03-05,0.0019153881609594858
2015-03-06,0.011317546373378562
2015-03-09,-0.002731754095654293
2015-03-10,0.00789158420298186
2015-03-11,0.005146049443958134
2015-03-12,-0.010201742923351298
2015-03-13,0.0
2015-03-16,-0.00972959008065577
2015-03-17,0.0
2015-03-18,0.0
2015-03-19,0.0
2015-03-20,0.0
2015-03-23,0.0
2015-03-24,0.00422670379832879
2015-03-25,0.01451590423438609
2015-03-26,-0.003157355237545234
2015-03-27,-0.0051079327304626165
2015-03-30,-0.0042802074741780105
2015-03-31,0.0
2015-04-01,0.004320129239617776
2015-04-02,-0.0023660245745343866
2015-04-06,-0.01054824874013105
2015-04-07,0.0
2015-04-08,-0.0031219171941704316
2015-04-09,0.0
2015-04-10,0.0
2015-04-13,0.0
2015-04-14,-0.0007859745554940067
2015-04-15,0.0
2015-04-16,-0.001169254820899357
2015-04-17,0.005851009608811575
2015-04-20,-0.005035508993210591
2015-04-21,0.0
2015-04-22,0.0
2015-04-23,0.0
2015-04-24,0.0
2015-04-27,0.0
2015-04-28,0.0
2015-04-29,0.0019147475800218583
2015-04-30,0.009349421869060182
2015-05-01,-0.0073260004585650185
2015-05-04,0.0
2015-05-05,0.012459620531450222
2015-05-06,0.006246898331173423
2015-05-07,-0.005844183531153568
2015-05-08,-0.004613324335700275
2015-05-11,0.0
2015-05-12,-0.0015565584073147232
2015-05-13,0.003469773712630797
2015-05-14,-0.007640548911770573
2015-05-15,0.0
2015-05-18,0.0
2015-05-19,0.0
2015-05-20,0.00227338515472586
2015-05-21,-0.002289116603743757
2015-05-22,0.0
2015-05-26,0.008060124085867537
2015-05-27,-0.00912860146283856
2015-05-28,0.0
2015-05-29,0.006885526351549931
2015-06-01,0.000371401688359807
2015-06-02,-0.0011584262923440836
2015-06-03,0.0011349786009242635
2015-06-04,0.0061502646026732055
2015-06-05,0.0011478577647734411
2015-06-08,0.0066043900565155855
2015-06-09,0.00037912578055321333
2015-06-10,-0.008090228375351227
2015-06-11,0.0
2015-06-12,0.0
2015-06-15,-0.003890707083875622
2015-06-16,-0.006568645679847829
2015-06-17,-0.0003953327122404593
2015-06-18,0.0
2015-06-19,0.0
2015-06-22,0.0
2015-06-23,0.0
2015-06-24,0.006105495252388682
2015-06-25,0.004966485772039508
2015-06-26,0.0034417370858346175
2015-06-29,0.013322470501882844
2015-06-30,0.006244498761594386
2015-07-01,0.002317201157852944
2015-07-02,0.0
2015-07-06,-0.0062282338310547525
2015-07-07,-0.004646578971450377
2015-07-08,0.008237764595632857
2015-07-09,0.009012339663264868
2015-07-10,-0.0038797507701808787
2015-07-13,0.0
2015-07-14,0.0
2015-07-15,0.0
2015-07-16,-0.003024293014846635
2015-07-17,0.0
2015-07-20,0.0
2015-07-21,0.0
2015-07-22,-0.004527803772033212
2015-07-23,0.0068027332683120445
2015-07-24,0.012207763090182677
2015-07-27,0.0011416512394026856
2015-07-28,-0.00645896657792977
2015-07-29,0.0
2015-07-30,0.0
2015-07-31,0.003759222843330967
2015-08-03,0.003388757701865419
2015-08-04,0.002260939289107977
2015-08-05,0.0003671581962216841
2015-08-06,0.014487541582211438
2015-08-07,-0.00039158090322688466
2015-08-10,-0.004543037400423056
2015-08-11,0.0
2015-08-12,-0.008383913306270863
2015-08-13,0.0015132823661589967
2015-08-14,-0.005320943738351014
2015-08-17,-0.00905212068355754
2015-08-18,0.0
2015-08-19,0.002651377993161841
2015-08-20,0.012824386106062402
2015-08-21,0.014481742460722646
2015-08-24,0.01384417793397863
2015-08-25,0.014769799480411017
2015-08-26,-0.02804571686125934
2015-08-27,0.0
2015-08-28,0.0
2015-08-31,0.0
2015-09-01,0.001231480181406841
2015-09-02,-0.011750078754899085
2015-09-03,0.0
2015-09-04,-0.00042082630181428105
2015-09-08,-0.006026439830887909
2015-09-09,0.0
2015-09-10,-0.006067924546221404
2015-09-11,0.0
2015-09-14,0.006035792328133782
2015-09-15,-0.008369137225950118
2015-09-16,0.0
2015-09-17,0.0
2015-09-18,-0.0008105532355081602
2015-09-21,0.0023833060732965095
2015-09-22,-0.001221991909570841
2015-09-23,0.002820393364984408
2015-09-24,-0.004069803697613561
2015-09-25,0.014665227426767569
2015-09-28,0.014658933298138166
2015-09-29,0.00418840543066179
2015-09-30,-0.008640830647962061
2015-10-01,0.0
2015-10-02,0.0
2015-10-05,0.0
2015-10-06,0.0
2015-10-07,-0.0027829695876305793
2015-10-08,0.0
2015-10-09,0.0
2015-10-12,0.0
2015-10-13,0.0
2015-10-14,0.004736884222557247
2015-10-15,-0.010145363082251113
2015-10-16,0.0
2015-10-19,0.0
2015-10-20,0.0
2015-10-21,0.00895632333449825
2015-10-22,-0.009609803515342907
2015-10-23,0.0
2015-10-26,0.0
2015-10-27,0.0
2015-10-28,-0.007494361204351763
2015-10-29,0.0
2015-10-30,0.00637584477664932
2015-11-02,-0.008184586794024007
2015-11-03,0.0
2015-11-04,0.0
2015-11-05,0.0037130436537355926
2015-11-06,-0.0015001577083801898
2015-11-09,0.0063809580458271675
2015-11-10,-0.0037689488404635263
2015-11-11,0.004134630038615361
2015-11-12,0.006857473131907543
2015-11-13,0.011595187757732717
2015-11-16,-0.015282396796420294
2015-11-17,0.0
2015-11-18,0.0
2015-11-19,0.0
2015-11-20,0.0
2015-11-23,0.0
2015-11-24,-0.005984094219245173
2015-11-25,0.0
2015-11-27,0.0
2015-11-30,0.007864087354148674
2015-12-01,-0.00631756466165645
2015-12-02,0.00897156236978569
2015-12-03,0.014438075307338982
2015-12-04,-0.018624249619999533
2015-12-07,0.0
2015-12-08,-0.005635934057789838
2015-12-09,0.006815853658777238
2015-12-10,-0.0011444168062274551
2015-12-11,0.010024384397594677
2015-12-14,-0.005377691346074243
2015-12-15,0.00037088866642709384
2015-12-16,0.0
2015-12-17,0.0
2015-12-18,0.014735187154189644
2015-12-21,-0.0007785015345784796
2015-12-22,-0.0022995943883300507
2015-12-23,0.0
2015-12-24,0.0
2015-12-28,-0.003040907186183661
2015-12-29,-0.006745727433402182
2015-12-30,0.0
2015-12-31,0.008755228643459345
